Property Flooding / Grading,Inspections,E-Mail,2020-02-24 12:58,4##,ELINOR,WARD 7
Property Flooding / Grading,Inspections,Phone,2020-03-30 15:20,18##,HALL,WARD 4
Property Flooding / Grading,Inspections,Phone,2020-02-14 9:50,5##,CAMERON,WARD 2
Property Flooding / Grading,Inspections,Phone,2020-01-13 12:08,17##,CHATEAU,WARD 7
Property Flooding / Grading,Inspections,Phone,2020-01-13 9:57,11##,ISABELLE,WARD 6
Property Flooding / Grading,Inspections,Phone,2020-01-13 11:25,10##,BUCKINGHAM,WARD 6
Property Flooding / Grading,Inspections,Phone,2020-01-13 11:24,10##,PARENT,WARD 4
Property Flooding / Grading,Inspections,Phone,2020-01-17 12:33,78##,ST ROSE,WARD 6
Property Flooding / Grading,Inspections,Phone,2020-01-27 12:30,12##,JANISSE,WARD 6
Property Flooding / Grading,Inspections,Phone,2020-03-25 10:17,37##,WOODWARD,WARD 9
Property Flooding / Grading,Inspections,Phone,2020-03-20 10:35,20##,ARRAS,WARD 4
Property Flooding / Grading,Inspections,Phone,2020-01-13 15:38,16##,DOUGALL,WARD 3
Property Flooding / Grading,Inspections,Phone,2020-01-27 15:13,4##,CLINTON,WARD 3
Property Flooding / Grading,Inspections,E-Mail,2020-02-04 11:06,18##,LAMBTON,WARD 1
Property Flooding / Grading,Inspections,Phone,2020-05-05 9:01,16##,CLEARWATER,WARD 7
Property Flooding / Grading,Inspections,Phone,2020-01-13 14:43,10##,DOUGALL,WARD 3
Property Flooding / Grading,Inspections,Phone,2020-01-22 10:02,17##,LINCOLN,WARD 4
Property Flooding / Grading,Inspections,Phone,2020-01-03 13:14,3##,CHILVER,WARD 4
Property Flooding / Grading,Inspections,Phone,2020-01-03 13:14,3##,CHILVER,WARD 4
Property Flooding / Grading,Inspections,Phone,2020-03-10 15:23,17##,JEFFERSON,WARD 8
Property Flooding / Grading,Inspections,Phone,2020-01-20 9:46,114##,CORMORANT,WARD 7
Property Flooding / Grading,Inspections,Phone,2020-05-22 14:30,10##,NORTH TALBOT,WARD 1
Property Flooding / Grading,Inspections,E-Mail,2020-01-06 15:32,6##,CAPITOL,WARD 10
Property Flooding / Grading,Inspections,Phone,2020-01-14 11:59,66##,RIVERSIDE,WARD 6
Property Flooding / Grading,Inspections,Phone,2020-02-19 11:24,5##,CAMERON,WARD 2
Property Flooding / Grading,Inspections,Phone,2020-01-23 14:42,16##,CADILLAC,WARD 5
Property Flooding / Grading,Inspections,Phone,2020-03-10 15:36,11##,ALBERT,WARD 5
Property Flooding / Grading,Inspections,Phone,2020-02-14 12:18,19##,CASTLETON,WARD 7
Property Flooding / Grading,Inspections,Phone,2020-01-20 14:20,107##,LAMBETH,WARD 7
Property Flooding / Grading,Inspections,Phone,2020-02-18 11:47,33##,TREELINE,WARD 7
Property Flooding / Grading,Inspections,Phone,2020-02-11 12:31,11##,MARION,WARD 4
Property Flooding / Grading,Inspections,Phone,2020-02-14 16:58,10##,LAUZON,WARD 6
Property Flooding / Grading,Inspections,Phone,2020-01-17 15:07,50##,SOUTHWOOD LAKES,WARD 1
Property Flooding / Grading,Inspections,Phone,2020-01-20 11:00,18##,OLIVE,WARD 8
Property Flooding / Grading,Inspections,E-Mail,2020-04-23 10:12,10##,MORAND,WARD 9
Property Flooding / Grading,Inspections,Phone,2020-05-19 10:40,28##,JOS ST LOUIS,WARD 8
Property Flooding / Grading,Inspections,Phone,2020-05-20 10:17,10##,BELLAGIO,WARD 7
Property Flooding / Grading,Inspections,Phone,2020-05-20 10:58,79##,FAHOLO,WARD 7
Property Flooding / Grading,Inspections,Phone,2019-02-20 9:03,2##,CAMPBELL,WARD 2
Property Flooding / Grading,Inspections,Phone,2019-03-14 15:40,20##,LORAINE,WARD 4
Property Flooding / Grading,Inspections,Phone,2019-03-22 16:23,15##,LINCOLN,WARD 4
Property Flooding / Grading,Inspections,Phone,2019-05-01 10:47,37##,HOWARD,WARD 9
Property Flooding / Grading,Inspections,Phone,2019-06-19 15:54,33##,MARENTETTE,WARD 9
Property Flooding / Grading,Inspections,Phone,2019-12-05 16:53,63##,WYANDOTTE,WARD 6
Property Flooding / Grading,Inspections,Phone,2019-12-30 10:23,8##,VILLAIRE,WARD 6
Property Flooding / Grading,Inspections,E-Mail,2019-12-11 9:54,2##,ISABELLE,WARD 6
Property Flooding / Grading,Inspections,Phone,2019-12-30 15:02,2##,JOSEPHINE,WARD 2
Property Flooding / Grading,Inspections,Phone,2019-12-30 14:25,8##,GLIDDEN,WARD 6
Property Flooding / Grading,Inspections,Phone,2019-04-29 8:29,989##,HOWARD,WARD 4
Property Flooding / Grading,Inspections,Phone,2019-04-29 10:08,5##,TOURNIER,WARD 2
Property Flooding / Grading,Inspections,Phone,2019-05-01 10:05,46##,METCALFE,WARD 5
Property Flooding / Grading,Inspections,Phone,2019-05-06 11:16,5##,TOURNIER,WARD 2
Property Flooding / Grading,Inspections,Phone,2019-07-18 10:40,8##,CABANA,WARD 1
Property Flooding / Grading,Inspections,Phone,2019-02-07 9:54,7##,CHAMPLAIN,WARD 1
Property Flooding / Grading,Inspections,E-Mail,2019-02-12 12:15,11##,GLADSTONE,WARD 4
Property Flooding / Grading,Inspections,Phone,2019-07-10 15:28,88##,RIVERSIDE,WARD 6
Property Flooding / Grading,Inspections,Phone,2019-02-06 11:29,17##,HIGHLAND,WARD 3
Property Flooding / Grading,Inspections,Phone,2019-05-17 15:37,19##,GLENDALE,WARD 8
Property Flooding / Grading,Inspections,Phone,2019-11-05 13:34,35##,BYNG,WARD 9
Property Flooding / Grading,Inspections,Phone,2019-11-26 10:21,2##,MOY,WARD 4
Property Flooding / Grading,Inspections,E-Mail,2019-01-03 10:23,65##,CANTELON,WARD 8
Property Flooding / Grading,Inspections,Phone,2019-01-04 10:51,18##,BALFOUR,WARD 8
Property Flooding / Grading,Inspections,Phone,2019-02-20 11:18,8##,ELLROSE,WARD 5
Property Flooding / Grading,Inspections,Phone,2019-02-04 15:18,35##,BRUCE,WARD 1
Property Flooding / Grading,Inspections,Phone,2019-01-22 11:27,12##,PELISSIER,WARD 3
Property Flooding / Grading,Inspections,Phone,2019-01-17 16:56,22##,WINDERMERE,WARD 4
Property Flooding / Grading,Inspections,Phone,2019-01-15 9:08,12##,PELISSIER,WARD 3
Property Flooding / Grading,Inspections,Phone,2019-01-23 11:12,32##,CLEMENCEAU,WARD 8
Property Flooding / Grading,Inspections,Phone,2019-03-18 13:25,60##,EMPRESS,WARD 8
Property Flooding / Grading,Inspections,Phone,2019-03-20 10:56,9##,UNIVERSITY,WARD 4
Property Flooding / Grading,Inspections,Phone,2019-04-23 14:08,30##,CLEMENCEAU,WARD 8
Property Flooding / Grading,Inspections,Phone,2019-05-01 13:30,3##,ST JOHN,WARD 6
Property Flooding / Grading,Inspections,Phone,2019-01-30 13:52,65##,CANTELON,WARD 8
Property Flooding / Grading,Inspections,Phone,2019-08-16 11:10,17##,BALFOUR,WARD 8
Property Flooding / Grading,Inspections,Phone,2019-08-22 14:23,5##,JANETTE,WARD 3
Property Flooding / Grading,Inspections,Phone,2019-08-22 14:24,5##,GILES,WARD 3
Property Flooding / Grading,Inspections,Phone,2019-05-01 13:11,30##,LONGFELLOW,WARD 1
Property Flooding / Grading,Inspections,Phone,2019-05-01 17:01,8##,ELLROSE,WARD 5
Property Flooding / Grading,Inspections,E-Mail,2019-09-03 16:01,8##,JOS JANISSE,WARD 5
Property Flooding / Grading,Inspections,Phone,2019-05-27 9:37,9##,PARKVIEW,WARD 6
Property Flooding / Grading,Inspections,Phone,2019-05-27 15:42,9##,PARKVIEW,WARD 6
Property Flooding / Grading,Inspections,Phone,2019-05-06 10:00,10##,FREDERICA,WARD 7
Property Flooding / Grading,Inspections,Phone,2019-05-06 15:12,70##,WYANDOTTE,WARD 6
Property Flooding / Grading,Inspections,Phone,2019-04-26 8:44,7##,CHARLES,WARD 10
Property Flooding / Grading,Inspections,Phone,2019-05-01 9:28,11##,ESDRAS,WARD 6
Property Flooding / Grading,Inspections,Phone,2019-02-20 9:22,985##,COLLEGE,WARD 2
Property Flooding / Grading,Inspections,Phone,2019-06-21 10:40,10##,FAIRVIEW,WARD 6
Property Flooding / Grading,Inspections,Phone,2019-05-29 9:14,16##,FERNDALE,WARD 8
Property Flooding / Grading,Inspections,Phone,2019-03-20 13:15,4##,ASKIN,WARD 2
Property Flooding / Grading,Inspections,Phone,2019-05-06 15:58,7##,CHARLES,WARD 10
Property Flooding / Grading,Inspections,Phone,2019-03-14 15:53,11##,BRIDALFALLS,WARD 7
Property Flooding / Grading,Inspections,Phone,2019-04-11 10:31,2##,THOMPSON,WARD 6
Property Flooding / Grading,Inspections,Phone,2019-04-03 13:02,33##,WOODLAWN,WARD 9
Property Flooding / Grading,Inspections,Phone,2019-05-03 11:13,16##,ONTARIO,WARD 4
Property Flooding / Grading,Inspections,Phone,2019-05-06 16:40,11##,ESDRAS,WARD 6
Property Flooding / Grading,Inspections,Phone,2019-04-26 8:53,16##,AUBIN,WARD 5
Property Flooding / Grading,Inspections,Phone,2019-05-01 15:16,13##,ARTHUR,WARD 5
Property Flooding / Grading,Inspections,Phone,2019-05-01 11:29,998##,WYANDOTTE,WARD 6
Property Flooding / Grading,Inspections,Phone,2019-05-15 11:32,998##,WYANDOTTE,WARD 6
Property Flooding / Grading,Inspections,Phone,2019-05-21 8:46,24##,VENETIAN,WARD 7
Property Flooding / Grading,Inspections,Phone,2019-07-11 10:47,18##,BALFOUR,WARD 8
Property Flooding / Grading,Inspections,Phone,2019-02-11 9:39,18##,HALL,WARD 4
Property Flooding / Grading,Inspections,Phone,2019-01-14 9:31,95##,CHESTNUT,WARD 7
Property Flooding / Grading,Inspections,Phone,2019-04-23 10:56,12##,WESTCOTT,WARD 5
Property Flooding / Grading,Inspections,Phone,2019-05-01 9:09,6##,EUGENIE,WARD 10
Property Flooding / Grading,Inspections,Phone,2019-03-19 9:26,8##,ELLROSE,WARD 5
Property Flooding / Grading,Inspections,Phone,2019-05-01 13:05,11##,PARTINGTON,WARD 2
Property Flooding / Grading,Inspections,Phone,2019-04-30 11:26,9##,CURRY,WARD 2
Property Flooding / Grading,Inspections,Phone,2019-05-03 14:20,27##,NORMAN,WARD 8
Property Flooding / Grading,Inspections,Phone,2019-05-06 9:32,18##,PILLETTE,WARD 5
Property Flooding / Grading,Inspections,Phone,2019-01-22 11:53,11##,LILLIAN,WARD 4
Property Flooding / Grading,Inspections,Phone,2019-07-31 12:24,12##,PARENT,WARD 4
Property Flooding / Grading,Inspections,Phone,2019-07-30 15:39,27##,ONTARIO,WARD 5
Property Flooding / Grading,Inspections,Phone,2019-06-12 10:01,31##,CLEMENCEAU,WARD 8
Property Flooding / Grading,Inspections,Phone,2019-04-05 15:02,19##,BERNARD,WARD 5
Property Flooding / Grading,Inspections,Phone,2019-03-20 15:17,22##,LILLIAN,WARD 4
Property Flooding / Grading,Inspections,Phone,2019-06-24 10:12,10##,GLIDDEN,WARD 6
Property Flooding / Grading,Inspections,Phone,2019-05-21 8:26,18##,BALFOUR,WARD 8
Property Flooding / Grading,Inspections,Phone,2019-05-27 9:03,99##,HOLLY,WARD 7
Property Flooding / Grading,Inspections,Phone,2019-06-11 9:50,37##,ASKIN,WARD 1
Property Flooding / Grading,Inspections,Phone,2019-06-03 8:09,29##,GLENWOOD,WARD 10
Property Flooding / Grading,Inspections,Phone,2019-06-17 15:33,63##,WYANDOTTE,WARD 6
Property Flooding / Grading,Inspections,Phone,2019-06-20 11:12,63##,WYANDOTTE,WARD 6
Property Flooding / Grading,Inspections,Phone,2019-07-08 15:13,8##,CHURCH,WARD 3
Property Flooding / Grading,Inspections,Phone,2019-05-03 12:17,19##,BUCKINGHAM,WARD 8
Property Flooding / Grading,Inspections,E-Mail,2019-06-03 14:33,35##,DANDURAND,WARD 1
Property Flooding / Grading,Inspections,Phone,2019-05-22 13:21,9##,PARENT,WARD 4
Property Flooding / Grading,Inspections,Phone,2019-06-06 9:22,10##,LAPORTE,WARD 6
Property Flooding / Grading,Inspections,Phone,2019-07-02 13:29,88##,RIVERSIDE,WARD 6
Property Flooding / Grading,Inspections,Phone,2019-07-08 11:14,25##,GEORGE,WARD 5
Property Flooding / Grading,Inspections,Phone,2019-06-05 16:38,14##,HALL,WARD 4
Property Flooding / Grading,Inspections,Phone,2019-06-10 11:59,34##,SANDWICH,WARD 2
Property Flooding / Grading,Inspections,Phone,2019-06-17 15:46,8##,GLIDDEN,WARD 6
Property Flooding / Grading,Inspections,Phone,2019-03-25 16:31,15##,RIVERSIDE,WARD 4
Property Flooding / Grading,Inspections,Phone,2019-06-07 11:42,12##,PARKVIEW,WARD 6
Property Flooding / Grading,Inspections,Phone,2019-06-12 10:14,95##,CHESTNUT,WARD 7
Property Flooding / Grading,Inspections,Phone,2019-05-21 15:22,26##,ALEXIS,WARD 5
Property Flooding / Grading,Inspections,Phone,2019-03-19 10:32,14##,ASPENSHORE,WARD 7
Property Flooding / Grading,Inspections,E-Mail,2019-06-12 13:30,31##,SEVILLE,WARD 7
Property Flooding / Grading,Inspections,Phone,2019-06-14 9:34,50##,RIVERSIDE,WARD 6
Property Flooding / Grading,Inspections,Phone,2019-06-14 14:43,87##,CEDARVIEW,WARD 6
Property Flooding / Grading,Inspections,Phone,2019-06-21 15:04,12##,ASKIN,WARD 2
Property Flooding / Grading,Inspections,Phone,2019-07-15 8:08,95##,CHESTNUT,WARD 7
Property Flooding / Grading,Inspections,Phone,2019-01-14 8:53,42##,ROSELAND,WARD 1
Property Flooding / Grading,Inspections,E-Mail,2019-05-01 16:12,8##,THOMPSON,WARD 6
Property Flooding / Grading,Inspections,Phone,2019-05-07 10:03,31##,ASKIN,WARD 1
Property Flooding / Grading,Inspections,Phone,2019-05-21 16:53,8##,EASTLAWN,WARD 6
Property Flooding / Grading,Inspections,Phone,2019-04-17 13:37,19##,AUBIN,WARD 5
Property Flooding / Grading,Inspections,Phone,2019-05-29 14:23,21##,SOUTH PACIFIC,WARD 3
Property Flooding / Grading,Inspections,Phone,2019-05-23 10:37,19##,FORD,WARD 8
Property Flooding / Grading,Inspections,Phone,2019-10-18 15:11,28##,ST PATRICK'S,WARD 10
Property Flooding / Grading,Inspections,Phone,2019-05-16 8:25,9##,VILLAIRE,WARD 6
Property Flooding / Grading,Inspections,Phone,2019-04-23 14:51,10##,VIRGINIA,WARD 6
Property Flooding / Grading,Inspections,Phone,2019-05-01 10:07,10##,VIRGINIA,WARD 6
Property Flooding / Grading,Inspections,Phone,2019-06-20 11:42,8##,PELISSIER,WARD 3
Property Flooding / Grading,Inspections,Phone,2019-06-24 8:36,29##,BRIMLEY,WARD 7
Property Flooding / Grading,Inspections,Phone,2019-05-01 12:03,34##,CROSS,WARD 2
Property Flooding / Grading,Inspections,Phone,2019-04-26 10:28,78##,ST ROSE,WARD 6
Property Flooding / Grading,Inspections,Phone,2019-05-01 16:23,19##,JEFFERSON,WARD 8
Property Flooding / Grading,Inspections,Phone,2019-10-11 13:30,8##,EASTLAWN,WARD 6
Property Flooding / Grading,Inspections,Phone,2019-06-27 9:00,24##,PRINCESS,WARD 8
Property Flooding / Grading,Inspections,Phone,2019-05-22 16:00,99##,RIVERSIDE,WARD 7
Property Flooding / Grading,Inspections,Phone,2019-08-08 11:17,2##,BROCK,WARD 2
Property Flooding / Grading,Inspections,Phone,2019-05-01 9:20,17##,GEORGE,WARD 5
Property Flooding / Grading,Inspections,Phone,2019-05-21 12:48,24##,LLOYD GEORGE,WARD 8
Property Flooding / Grading,Inspections,Phone,2019-05-29 14:23,21##,JANETTE,WARD 3
Property Flooding / Grading,Inspections,Phone,2019-05-31 9:08,54##,TECUMSEH,WARD 8
Property Flooding / Grading,Inspections,Phone,2019-06-14 14:03,95##,ASHLAND,WARD 7
Property Flooding / Grading,Inspections,Phone,2019-05-06 9:06,18##,ELLROSE,WARD 5
Property Flooding / Grading,Inspections,Phone,2019-07-11 10:44,18##,BALFOUR,WARD 8
Property Flooding / Grading,Inspections,Phone,2019-05-23 10:11,83##,WYANDOTTE,WARD 6
Property Flooding / Grading,Inspections,Phone,2019-05-27 13:04,11##,HOMEDALE,WARD 6
Property Flooding / Grading,Inspections,Phone,2019-06-19 8:26,10##,HARRISON,WARD 2
Property Flooding / Grading,Inspections,Phone,2019-06-26 16:53,32##,LAUZON,WARD 7
Property Flooding / Grading,Inspections,Phone,2019-04-29 14:41,9##,BELLE ISLE VIEW,WARD 6
Property Flooding / Grading,Inspections,Phone,2019-05-01 10:32,65##,WYANDOTTE,WARD 6
Property Flooding / Grading,Inspections,Phone,2019-09-10 14:13,7##,KENNEDY,WARD 1
Property Flooding / Grading,Inspections,Phone,2019-06-17 12:46,10##,DOUGALL,WARD 3
Property Flooding / Grading,Inspections,Phone,2019-07-16 10:35,35##,KING,WARD 2
Property Flooding / Grading,Inspections,Phone,2019-05-02 8:13,12##,DOT,WARD 2
Property Flooding / Grading,Inspections,Phone,2019-04-23 13:41,37##,WILDWOOD,WARD 7
Property Flooding / Grading,Inspections,Phone,2019-04-29 14:10,12##,LABADIE,WARD 5
Property Flooding / Grading,Inspections,Phone,2019-05-03 16:27,25##,CLEMENCEAU,WARD 8
Property Flooding / Grading,Inspections,Phone,2019-05-06 14:06,8##,MARENTETTE,WARD 4
Property Flooding / Grading,Inspections,Phone,2019-05-27 9:14,28##,SKYLINE,WARD 10
Property Flooding / Grading,Inspections,Phone,2019-04-15 10:36,10##,MERRITT,WARD 2
Property Flooding / Grading,Inspections,Phone,2019-05-06 13:20,4##,CHRISTOPHER,WARD 6
Property Flooding / Grading,Inspections,Phone,2019-05-28 11:11,27##,JOS ST LOUIS,WARD 8
Property Flooding / Grading,Inspections,Phone,2019-05-15 10:30,65##,WYANDOTTE,WARD 6
Property Flooding / Grading,Inspections,Phone,2019-04-17 13:36,19##,AUBIN,WARD 5
Property Flooding / Grading,Inspections,Phone,2019-06-06 13:56,5##,CABANA,WARD 9
Property Flooding / Grading,Inspections,Phone,2019-06-03 13:30,23##,CENTRAL,WARD 5
Property Flooding / Grading,Inspections,Phone,2019-05-27 14:12,32##,MCROBBIE,WARD 7
Property Flooding / Grading,Inspections,Phone,2019-09-17 13:18,18##,CHILVER,WARD 4
Property Flooding / Grading,Inspections,E-Mail,2019-10-02 11:51,20##,RANDOLPH,WARD 10
Property Flooding / Grading,Inspections,Phone,2019-08-27 14:29,16##,BETTS,WARD 10
Property Flooding / Grading,Inspections,Phone,2019-08-30 14:16,46##,KOMINAR,WARD 1
Property Flooding / Grading,Inspections,Phone,2019-10-28 11:16,2##,MOY,WARD 4
Property Flooding / Grading,Inspections,Phone,2019-10-30 11:38,10##,PARENT,WARD 4
Property Flooding / Grading,Inspections,Phone,2019-09-13 12:21,12##,ARNCLIFFE,WARD 6
Property Flooding / Grading,Inspections,Phone,2019-06-19 12:59,25##,JOS ST LOUIS,WARD 8
Property Flooding / Grading,Inspections,Phone,2019-11-05 16:30,13##,COUSINEAU,WARD 1
Property Flooding / Grading,Inspections,Phone,2019-08-21 10:23,2##,GLADSTONE,WARD 4
Property Flooding / Grading,Inspections,Phone,2019-06-24 10:48,20##,NORMAN,WARD 8
Property Flooding / Grading,Inspections,Phone,2019-07-31 11:24,28##,PILLETTE,WARD 8
Property Flooding / Grading,Inspections,Phone,2019-08-02 15:19,13##,CENTRAL,WARD 5
Property Flooding / Grading,Inspections,Phone,2019-07-04 13:39,41##,SPAGO,WARD 9
Property Flooding / Grading,Inspections,Phone,2019-08-12 9:21,13##,COPPERFIELD,WARD 6
Property Flooding / Grading,Inspections,Phone,2019-09-10 14:56,13##,COUSINEAU,WARD 1
Property Flooding / Grading,Inspections,Phone,2019-04-29 12:43,9##,CHATEAU,WARD 7
Property Flooding / Grading,Inspections,Phone,2019-09-10 8:38,13##,CYPRESS,WARD 7
Property Flooding / Grading,Inspections,Phone,2019-07-22 9:51,30##,TROUP,WARD 7
Property Flooding / Grading,Inspections,Phone,2019-09-12 14:35,12##,LAUZON,WARD 6
Property Flooding / Grading,Inspections,Phone,2019-10-16 16:52,11##,WYANDOTTE,WARD 4
Property Flooding / Grading,Inspections,Phone,2019-07-17 16:03,19##,JEFFERSON,WARD 8
Property Flooding / Grading,Inspections,Phone,2019-07-18 11:09,19##,JEFFERSON,WARD 8
Property Flooding / Grading,Inspections,Phone,2019-05-13 9:35,988##,CRAWFORD,WARD 3
Property Flooding / Grading,Inspections,Phone,2019-08-29 12:47,9##,CHATEAU,WARD 7
Property Flooding / Grading,Inspections,Phone,2019-07-26 12:11,16##,BALFOUR,WARD 8
Property Flooding / Grading,Inspections,Phone,2019-09-18 14:39,26##,TOURANGEAU,WARD 5
Property Flooding / Grading,Inspections,Phone,2019-09-30 9:23,9##,HOMEDALE,WARD 6
Property Flooding / Grading,Inspections,Phone,2019-04-04 9:22,15##,WALKER,WARD 5
Property Flooding / Grading,Inspections,E-Mail,2019-06-17 13:06,33##,PETER,WARD 2
Property Flooding / Grading,Inspections,Phone,2019-07-09 10:06,54##,CORONATION,WARD 8
Property Flooding / Grading,Inspections,Phone,2019-07-31 16:12,2##,LINCOLN,WARD 4
Property Flooding / Grading,Inspections,Phone,2019-09-24 11:15,18##,DACOTAH,WARD 4
Property Flooding / Grading,Inspections,Phone,2019-09-18 11:02,4##,AYLMER,WARD 3
Property Flooding / Grading,Inspections,Phone,2019-09-03 13:16,9##,BELLEPERCHE,WARD 6
Property Flooding / Grading,Inspections,Phone,2019-05-13 13:29,16##,CADILLAC,WARD 5
Property Flooding / Grading,Inspections,Phone,2019-08-16 11:13,18##,BALFOUR,WARD 8
Property Flooding / Grading,Inspections,E-Mail,2019-10-03 14:12,8##,ESDRAS,WARD 6
Property Flooding / Grading,Inspections,Phone,2019-10-04 15:27,16##,BLUE HERON,WARD 7
Property Flooding / Grading,Inspections,Phone,2019-10-09 11:54,19##,JEFFERSON,WARD 8
Property Flooding / Grading,Inspections,Phone,2019-11-06 11:54,988##,LINCOLN,WARD 4
Property Flooding / Grading,Inspections,Phone,2019-10-21 16:34,5##,OUELLETTE,WARD 3
Property Flooding / Grading,Inspections,Phone,2019-12-20 13:59,7##,CARON,WARD 3
Property Flooding / Grading,Inspections,E-Mail,2019-06-20 10:54,8##,VILLAIRE,WARD 6
Property Flooding / Grading,Inspections,Phone,2019-10-02 11:03,31##,HARMONY,WARD 8
Property Flooding / Grading,Inspections,Phone,2019-10-02 11:03,31##,HARMONY,WARD 8
Property Flooding / Grading,Inspections,Phone,2019-09-04 15:24,20##,LORAINE,WARD 4
Property Flooding / Grading,Inspections,Phone,2019-11-29 9:43,5##,PIERRE,WARD 4
Property Flooding / Grading,Inspections,Phone,2019-12-17 15:29,15##,LILLIAN,WARD 4
Property Flooding / Grading,Inspections,Phone,2019-12-17 15:32,3##,BRIDGE,WARD 2
Property Flooding / Grading,Inspections,E-Mail,2019-11-29 13:40,12##,MONMOUTH,WARD 4
Property Flooding / Grading,Inspections,Phone,2019-10-23 12:28,19##,OTTAWA,WARD 4
Property Flooding / Grading,Inspections,Phone,2019-08-02 8:37,19##,GLENDALE,WARD 8
Property Flooding / Grading,Inspections,Phone,2019-07-25 14:36,17##,MARENTETTE,WARD 4
Property Flooding / Grading,Inspections,Phone,2019-11-14 13:06,5##,OAK,WARD 3
Property Flooding / Grading,Inspections,Phone,2019-08-29 10:20,7##,CHATHAM,WARD 4
Property Flooding / Grading,Inspections,Phone,2019-10-28 15:05,31##,TURNER,WARD 9
Property Flooding / Grading,Inspections,Phone,2019-10-08 13:52,7##,CHARLES,WARD 10
Property Flooding / Grading,Inspections,Phone,2019-11-01 14:58,10##,PARENT,WARD 4
Property Flooding / Grading,Inspections,Phone,2019-11-18 10:36,9##,HOMEDALE,WARD 6
Property Flooding / Grading,Inspections,Phone,2019-07-09 10:24,86##,DARLINGTON,WARD 6
Property Flooding / Grading,Inspections,E-Mail,2019-07-24 16:43,3##,DIEPPE,WARD 6
Property Flooding / Grading,Inspections,Phone,2019-09-27 11:38,3##,GENEVIEVE,WARD 6
Property Flooding / Grading,Inspections,Phone,2019-10-16 13:19,8##,ST PAUL,WARD 6
Property Flooding / Grading,Inspections,Phone,2019-10-07 11:34,13##,RICHMOND,WARD 4
Property Flooding / Grading,Inspections,Phone,2019-10-17 11:12,8##,ST PAUL,WARD 6
Property Flooding / Grading,Inspections,Phone,2019-11-01 14:21,4##,CARLING,WARD 6
Property Flooding / Grading,Inspections,Phone,2019-11-25 14:19,7##,ROSELAND,WARD 1
Property Flooding / Grading,Inspections,Phone,2018-07-06 13:24,27##,LLOYD GEORGE,WARD 8
Property Flooding / Grading,Inspections,Phone,2018-04-09 14:36,13##,WINDERMERE,WARD 4
Property Flooding / Grading,Inspections,Phone,2016-03-14 16:10,35##,DANDURAND,WARD 1
Property Flooding / Grading,Inspections,Phone,2017-11-20 11:44,46##,JOY,WARD 9
Property Flooding / Grading,Inspections,Phone,2018-03-29 10:33,54##,LYNDON,WARD 8
Property Flooding / Grading,Inspections,Phone,2018-04-06 9:19,17##,MARK,WARD 10
Property Flooding / Grading,Inspections,Phone,2018-02-20 15:22,37##,MAGUIRE,WARD 9
Property Flooding / Grading,Inspections,Phone,2018-02-20 13:18,26##,ALEXANDRA,WARD 10
Property Flooding / Grading,Inspections,Phone,2018-01-11 12:34,31##,WOODLAWN,WARD 9
Property Flooding / Grading,Inspections,Phone,2016-06-07 13:58,23##,DONNA,WARD 1
Property Flooding / Grading,Inspections,Phone,2017-11-21 10:16,9##,FORD,WARD 6
Property Flooding / Grading,Inspections,Phone,2017-09-06 14:49,39##,RIBERDY,WARD 9
Property Flooding / Grading,Inspections,Phone,2018-02-23 8:37,14##,NORMAN,WARD 8
Property Flooding / Grading,Inspections,Phone,2018-02-08 8:28,12##,AUBIN,WARD 5
Property Flooding / Grading,Inspections,Phone,2018-02-20 12:50,27##,ALEXANDRA,WARD 10
Property Flooding / Grading,Inspections,Phone,2017-11-28 15:18,18##,HALL,WARD 4
Property Flooding / Grading,Inspections,Phone,2017-08-31 15:41,6##,CHARLES,WARD 10
Property Flooding / Grading,Inspections,Phone,2017-10-18 9:35,8##,ELLROSE,WARD 5
Property Flooding / Grading,Inspections,Phone,2017-11-16 15:14,93##,ALTEN,WARD 7
Property Flooding / Grading,Inspections,Phone,2018-01-03 16:37,9##,HOMEDALE,WARD 6
Property Flooding / Grading,Inspections,Phone,2018-01-11 14:19,9##,BELLAGIO,WARD 7
Property Flooding / Grading,Inspections,Phone,2018-01-10 16:57,15##,PILLETTE,WARD 8
Property Flooding / Grading,Inspections,E-Mail,2018-01-05 8:46,7##,VIMY,WARD 4
Property Flooding / Grading,Inspections,Phone,2018-01-22 13:16,2##,GROVE,WARD 3
Property Flooding / Grading,Inspections,Phone,2017-10-20 9:25,17##,GATE,WARD 8
Property Flooding / Grading,Inspections,Phone,2017-01-12 13:56,12##,MATTHEW BRADY,WARD 6
Property Flooding / Grading,Inspections,Phone,2017-07-12 15:54,10##,RENDEZVOUS,WARD 7
Property Flooding / Grading,Inspections,Phone,2018-01-16 16:23,2##,JEFFERSON,WARD 6
Property Flooding / Grading,Inspections,Phone,2018-01-29 9:41,13##,MCKAY,WARD 2
Property Flooding / Grading,Inspections,Phone,2017-09-12 13:52,16##,ST CLAIR,WARD 10
Property Flooding / Grading,Inspections,Phone,2017-08-15 11:19,20##,LORAINE,WARD 4
Property Flooding / Grading,Inspections,Phone,2018-01-12 14:42,9##,JEFFERSON,WARD 6
Property Flooding / Grading,Inspections,Phone,2018-01-24 11:00,8##,PRADO,WARD 6
Property Flooding / Grading,Inspections,Phone,2017-05-31 12:59,9##,JARVIS,WARD 7
Property Flooding / Grading,Inspections,Phone,2018-02-20 10:19,4##,KENNEDY,WARD 1
Property Flooding / Grading,Inspections,Ward Meeting,2017-10-11 20:17,24##,RANKIN,WARD 10
Property Flooding / Grading,Inspections,Web Intake,2017-08-30 15:16, , ,WARD 6
Property Flooding / Grading,Inspections,Phone,2018-01-26 11:10,25##,TURNER,WARD 4
Property Flooding / Grading,Inspections,Phone,2018-02-20 8:24,21##,DOUGALL,WARD 3
Property Flooding / Grading,Inspections,Phone,2018-02-20 9:18,15##,LINCOLN,WARD 4
Property Flooding / Grading,Inspections,Phone,2018-02-20 10:29,11##,REEDMERE,WARD 6
Property Flooding / Grading,Inspections,Phone,2018-02-20 12:09,3##,ST JOHN,WARD 6
Property Flooding / Grading,Inspections,Phone,2018-02-20 12:42,65##,RIVERSIDE,WARD 6
Property Flooding / Grading,Inspections,Phone,2018-02-20 13:19,29##,MCROBBIE,WARD 7
Property Flooding / Grading,Inspections,Phone,2018-02-20 14:00,2##,VILLAIRE,WARD 6
Property Flooding / Grading,Inspections,Phone,2018-02-20 14:04,30##,CHURCH,WARD 1
Property Flooding / Grading,Inspections,Phone,2018-02-20 15:35,9##,EDWARD,WARD 6
Property Flooding / Grading,Inspections,Phone,2018-02-21 8:46,9##,ST PAUL,WARD 6
Property Flooding / Grading,Inspections,Phone,2018-02-21 9:42,2##,CAMPBELL,WARD 2
Property Flooding / Grading,Inspections,Phone,2018-02-21 10:04,25##,MCKAY,WARD 10
Property Flooding / Grading,Inspections,Phone,2018-02-21 10:45,49##,SEMINOLE,WARD 8
Property Flooding / Grading,Inspections,Phone,2018-02-21 10:46,17##,ST LUKE,WARD 5
Property Flooding / Grading,Inspections,Phone,2018-02-21 11:00,8##,ST MARY'S,WARD 6
Property Flooding / Grading,Inspections,Phone,2018-02-21 11:35,107##,EASTCOURT,WARD 7
Property Flooding / Grading,Inspections,Phone,2018-02-21 11:42,11##,DOT,WARD 2
Property Flooding / Grading,Inspections,Phone,2018-02-21 11:54,30##,WOODLAND,WARD 1
Property Flooding / Grading,Inspections,Phone,2018-02-21 12:37,4##,PARK,WARD 3
Property Flooding / Grading,Inspections,Phone,2018-02-21 14:47,12##,HURON CHURCH,WARD 2
Property Flooding / Grading,Inspections,Phone,2017-08-31 16:33,14##,NORMAN,WARD 8
Property Flooding / Grading,Inspections,Phone,2018-03-02 16:26,16##,ONTARIO,WARD 4
Property Flooding / Grading,Inspections,Phone,2018-03-06 14:33,26##,MEIGHEN,WARD 5
Property Flooding / Grading,Inspections,Phone,2016-06-10 15:50,46##,OSAKA,WARD 9
Property Flooding / Grading,Inspections,Phone,2016-10-11 8:24,39##,ZANZIBAR,WARD 9
Property Flooding / Grading,Inspections,Phone,2017-03-31 18:49,34##,WOODLAWN,WARD 9
Property Flooding / Grading,Inspections,Phone,2017-04-07 9:17,961##,42,WARD 9
Property Flooding / Grading,Inspections,E-Mail,2018-01-24 13:18,4##,MARTINIQUE,WARD 7
Property Flooding / Grading,Inspections,Phone,2018-02-23 13:01,990##,TECUMSEH,WARD 7
Property Flooding / Grading,Inspections,Phone,2018-02-28 11:56,5##,BERTHA,WARD 7
Property Flooding / Grading,Inspections,Phone,2016-04-29 12:09,32##,RANDOLPH,WARD 1
Property Flooding / Grading,Inspections,Phone,2016-04-29 12:08,32##,RANKIN,WARD 1
Property Flooding / Grading,Inspections,Phone,2018-02-22 13:23,17##,ST LUKE,WARD 5
Property Flooding / Grading,Inspections,Phone,2018-03-08 12:11,38##,PRAIRIE,WARD 1
Property Flooding / Grading,Inspections,Phone,2018-03-01 16:13,9##,JARVIS,WARD 7
Property Flooding / Grading,Inspections,Phone,2018-03-20 9:18,2##,CAMPBELL,WARD 2
Property Flooding / Grading,Inspections,Phone,2018-02-26 16:54,13##,MOY,WARD 4
Property Flooding / Grading,Inspections,E-Mail,2017-07-24 15:24,95##,RIDGE,WARD 7
Property Flooding / Grading,Inspections,Phone,2018-02-28 12:34,19##,WESTMINSTER,WARD 8
Property Flooding / Grading,Inspections,Phone,2018-03-21 15:36,94##,ALTEN,WARD 7
Property Flooding / Grading,Inspections,Phone,2016-04-20 17:37,31##,ACADEMY,WARD 1
Property Flooding / Grading,Inspections,Phone,2016-07-18 10:51,32##,MORRIS,WARD 1
Property Flooding / Grading,Inspections,Phone,2016-07-29 14:45,42##,PIONEER,WARD 1
Property Flooding / Grading,Inspections,Phone,2017-04-06 15:50,6##,TALBOT,WARD 1
Property Flooding / Grading,Inspections,Phone,2015-12-29 10:37,30##,ASKIN,WARD 1
Property Flooding / Grading,Inspections,Phone,2016-05-04 18:06,5##,CHRISTINA,WARD 1
Property Flooding / Grading,Inspections,Phone,2016-05-20 11:58,26##,SORRENTO,WARD 1
Property Flooding / Grading,Inspections,Phone,2016-08-02 10:43,10##,LAKE LAGUNA,WARD 1
Property Flooding / Grading,Inspections,Phone,2018-03-01 12:28,31##,WACHNA,WARD 8
Property Flooding / Grading,Inspections,Phone,2018-04-24 9:51, ,WINTER,WARD 1
Property Flooding / Grading,Inspections,Phone,2018-05-14 9:10,23##,MARK,WARD 10
Property Flooding / Grading,Inspections,Phone,2018-05-14 9:19,4##,CAMERON,WARD 2
Property Flooding / Grading,Inspections,Phone,2017-03-31 9:01,30##,AVONDALE,WARD 1
Property Flooding / Grading,Inspections,Phone,2016-03-30 10:58,36##,ROCKWELL,WARD 1
Property Flooding / Grading,Inspections,Phone,2016-07-07 9:49,31##,RANDOLPH,WARD 1
Property Flooding / Grading,Inspections,Phone,2016-07-26 15:51,46##,HOWARD,WARD 1
Property Flooding / Grading,Inspections,Phone,2016-08-24 14:24,41##,ROSELAND,WARD 1
Property Flooding / Grading,Inspections,Phone,2017-04-10 11:23,40##,MOUNT ROYAL,WARD 1
Property Flooding / Grading,Inspections,Phone,2018-02-26 9:27,9##,JARVIS,WARD 7
Property Flooding / Grading,Inspections,Phone,2018-03-23 9:35,50##,WYANDOTTE,WARD 6
Property Flooding / Grading,Inspections,Phone,2018-06-26 16:40,14##,COUSINEAU,WARD 1
Property Flooding / Grading,Inspections,Phone,2018-04-24 8:43,1##,CAMPBELL,WARD 2
Property Flooding / Grading,Inspections,Phone,2018-04-09 10:35,30##,SUFFOLK,WARD 7
Property Flooding / Grading,Inspections,Phone,2018-04-24 10:00,1##,CAMPBELL,WARD 2
Property Flooding / Grading,Inspections,Phone,2017-12-12 8:47,4##,FAIRVIEW,WARD 6
Property Flooding / Grading,Inspections,Phone,2018-04-04 10:09,21##,AMY LYNN PARK,WARD 1
Property Flooding / Grading,Inspections,Phone,2018-03-26 13:53,28##,DANDURAND,WARD 10
Property Flooding / Grading,Inspections,Phone,2018-03-29 15:02,29##,TURNER,WARD 10
Property Flooding / Grading,Inspections,Phone,2017-03-24 11:32,32##,MCKAY,WARD 1
Property Flooding / Grading,Inspections,Phone,2017-03-24 13:03,6##,RODFAM,WARD 1
Property Flooding / Grading,Inspections,Phone,2018-04-23 15:53,114##,CORMORANT,WARD 7
Property Flooding / Grading,Inspections,Phone,2018-03-19 15:29,23##,CHANDLER,WARD 5
Property Flooding / Grading,Inspections,Phone,2017-12-04 11:36,39##,BORRELLI,WARD 1
Property Flooding / Grading,Inspections,Phone,2017-10-19 10:41,974##,ROCKWELL,WARD 10
Property Flooding / Grading,Inspections,Phone,2017-12-20 10:10,14##,ARTHUR,WARD 5
Property Flooding / Grading,Inspections,Phone,2018-02-22 8:56,11##,GARDEN COURT,WARD 6
Property Flooding / Grading,Inspections,Phone,2018-04-16 8:59,35##,BYNG,WARD 9
Property Flooding / Grading,Inspections,Phone,2018-04-10 13:11,38##,PRAIRIE,WARD 1
Property Flooding / Grading,Inspections,Phone,2018-04-16 12:20,8##,PRADO,WARD 6
Property Flooding / Grading,Inspections,Phone,2018-04-04 10:26,13##,MONTICELLO,WARD 7
Property Flooding / Grading,Inspections,Phone,2018-05-03 9:03,18##,PILLETTE,WARD 5
Property Flooding / Grading,Inspections,Phone,2018-04-10 12:37,17##,WESTMINSTER,WARD 8
Property Flooding / Grading,Inspections,Phone,2018-04-16 9:10,24##,CHANDLER,WARD 5
Property Flooding / Grading,Inspections,Phone,2018-04-17 8:16,8##,YPRES,WARD 4
Property Flooding / Grading,Inspections,Phone,2018-04-19 13:36,9##,IMPERIAL,WARD 1
Property Flooding / Grading,Inspections,Phone,2018-06-07 10:56,25##,GAIL,WARD 4
Property Flooding / Grading,Inspections,Phone,2017-04-18 9:09,16##,VILLA MARIA,WARD 1
Property Flooding / Grading,Inspections,E-Mail,2018-04-16 14:01,15##,ST CLAIR,WARD 10
Property Flooding / Grading,Inspections,Phone,2018-04-25 13:49,19##,ELLROSE,WARD 5
Property Flooding / Grading,Inspections,Phone,2018-05-18 11:19,8##,PRADO,WARD 6
Property Flooding / Grading,Inspections,Phone,2018-04-18 11:36,23##,GRAND MARAIS,WARD 1
Property Flooding / Grading,Inspections,Phone,2018-05-01 16:01,15##,ROSSINI,WARD 5
Property Flooding / Grading,Inspections,Phone,2018-01-29 9:31,76##,RIVERSIDE,WARD 6
Property Flooding / Grading,Inspections,Phone,2018-02-28 14:18,20##,LONGFELLOW,WARD 10
Property Flooding / Grading,Inspections,Phone,2018-05-03 9:10,1##,EVELEIGH,WARD 9
Property Flooding / Grading,Inspections,Phone,2018-06-04 9:54,4##,LORI,WARD 6
Property Flooding / Grading,Inspections,E-Mail,2016-03-14 11:58,35##,ACADEMY,WARD 1
Property Flooding / Grading,Inspections,Phone,2018-06-05 15:34,13##,BRIDGE,WARD 2
Property Flooding / Grading,Inspections,Phone,2018-05-03 10:06,28##,ACADEMY,WARD 10
Property Flooding / Grading,Inspections,Phone,2018-05-22 16:00,32##,TURNER,WARD 9
Property Flooding / Grading,Inspections,Phone,2018-05-02 15:14,13##,CALVERT,WARD 9
Property Flooding / Grading,Inspections,Phone,2018-05-10 15:31,24##,MEIGHEN,WARD 5
Property Flooding / Grading,Inspections,Phone,2018-05-23 9:16,2##,FORD,WARD 6
Property Flooding / Grading,Inspections,Phone,2017-11-22 10:14,36##,BIRCH,WARD 2
Property Flooding / Grading,Inspections,Phone,2018-05-17 15:42,32##,LONGFELLOW,WARD 1
Property Flooding / Grading,Inspections,Phone,2018-06-01 16:25,17##,LANGLOIS,WARD 4
Property Flooding / Grading,Inspections,Phone,2018-01-22 10:46,10##,LANGLOIS,WARD 4
Property Flooding / Grading,Inspections,Phone,2018-04-16 13:23,15##,DROUILLARD,WARD 5
Property Flooding / Grading,Inspections,Phone,2018-04-16 13:53,29##,LOEBACH,WARD 8
Property Flooding / Grading,Inspections,Phone,2018-04-24 10:30,1##,CAMPBELL,WARD 2
Property Flooding / Grading,Inspections,E-Mail,2018-04-30 8:30,43##,WEST,WARD 1
Property Flooding / Grading,Inspections,Phone,2018-05-22 12:32,10##,HICKORY,WARD 5
Property Flooding / Grading,Inspections,Phone,2018-05-30 11:35,32##,LONGFELLOW,WARD 1
Property Flooding / Grading,Inspections,Phone,2018-05-18 11:47,20##,MAGNOLIA,WARD 7
Property Flooding / Grading,Inspections,Phone,2018-05-18 11:47,20##,MAGNOLIA,WARD 7
Property Flooding / Grading,Inspections,Phone,2018-05-15 9:58,998##,WYANDOTTE,WARD 6
Property Flooding / Grading,Inspections,Phone,2018-05-09 10:19,14##,ARTHUR,WARD 5
Property Flooding / Grading,Inspections,Phone,2018-05-22 8:52,35##,ROXBOROUGH,WARD 1
Property Flooding / Grading,Inspections,Phone,2018-05-22 16:01,28##,ST PATRICK'S,WARD 10
Property Flooding / Grading,Inspections,Phone,2018-05-14 11:12,37##,VICTORIA,WARD 9
Property Flooding / Grading,Inspections,Phone,2018-05-16 15:43,32##,CLEMENCEAU,WARD 8
Property Flooding / Grading,Inspections,Phone,2018-05-30 15:14,55##,SERVICE,WARD 8
Property Flooding / Grading,Inspections,Phone,2018-06-04 9:04,18##,DACOTAH,WARD 4
Property Flooding / Grading,Inspections,Phone,2018-05-14 10:25,997##,WYANDOTTE,WARD 7
Property Flooding / Grading,Inspections,E-Mail,2018-05-28 13:44,9##,CURRY,WARD 2
Property Flooding / Grading,Inspections,Phone,2018-04-24 8:58,11##,SUMACH,WARD 6
Property Flooding / Grading,Inspections,Phone,2018-07-11 15:37,43##,CENTRE LAKE,WARD 1
Property Flooding / Grading,Inspections,Phone,2018-06-19 10:07,7##,CHARLES,WARD 10
Property Flooding / Grading,Inspections,Phone,2018-07-09 11:12,34##,DOMINION,WARD 1
Property Flooding / Grading,Inspections,Phone,2018-06-18 8:45,8##,RHOLAINE,WARD 6
Property Flooding / Grading,Inspections,Phone,2018-07-11 16:41,43##,CENTRE LAKE,WARD 1
Property Flooding / Grading,Inspections,Phone,2018-04-04 14:31,21##,LONGFELLOW,WARD 10
Property Flooding / Grading,Inspections,Phone,2018-04-25 12:06,21##,MARK,WARD 10
Property Flooding / Grading,Inspections,Phone,2018-07-16 13:12,7##,TECUMSEH,WARD 3
Property Flooding / Grading,Inspections,Phone,2017-10-25 10:42,29##,BYNG,WARD 10
Property Flooding / Grading,Inspections,Phone,2018-06-27 15:01,63##,WYANDOTTE,WARD 6
Property Flooding / Grading,Inspections,Web Intake,2018-06-07 8:38, , ,WARD 1
Property Flooding / Grading,Inspections,Web Intake,2018-06-01 14:00, , ,WARD 1
Property Flooding / Grading,Inspections,Phone,2018-06-27 9:17,40##,LONGFELLOW,WARD 1
Property Flooding / Grading,Inspections,Phone,2018-05-31 10:36,35##,CHARLEVOIX,WARD 1
Property Flooding / Grading,Inspections,Phone,2018-05-28 10:33,31##,EVERTS,WARD 1
Property Flooding / Grading,Inspections,Phone,2018-06-26 14:16,12##,LABADIE,WARD 5
Property Flooding / Grading,Inspections,Phone,2018-07-10 11:13,20##,MAGNOLIA,WARD 7
Property Flooding / Grading,Inspections,Phone,2018-06-27 14:23,23##,ALEXIS,WARD 5
Property Flooding / Grading,Inspections,Phone,2018-07-09 10:31,10##,FLORENCE,WARD 7
Property Flooding / Grading,Inspections,Phone,2018-07-03 8:07,22##,GATWICK,WARD 7
Property Flooding / Grading,Inspections,Phone,2018-02-20 11:02,26##,JAMAICA,WARD 10
Property Flooding / Grading,Inspections,Phone,2018-07-09 11:56,49##,TECUMSEH,WARD 8
Property Flooding / Grading,Inspections,Phone,2018-09-26 8:56,8##,GLIDDEN,WARD 6
Property Flooding / Grading,Inspections,Phone,2018-09-26 9:31,15##,ALBERT,WARD 5
Property Flooding / Grading,Inspections,Phone,2018-07-16 12:39,15##,HALLMARK,WARD 9
Property Flooding / Grading,Inspections,Phone,2018-08-14 10:01,77##,COUNTY RD 42,WARD 9
Property Flooding / Grading,Inspections,Phone,2018-09-26 12:51,29##,METCALFE,WARD 5
Property Flooding / Grading,Inspections,Phone,2018-09-27 12:02,21##,MCDOUGALL,WARD 3
Property Flooding / Grading,Inspections,Phone,2018-09-27 11:41,11##,EDWARD,WARD 6
Property Flooding / Grading,Inspections,Phone,2018-08-14 11:12,17##,HICKORY,WARD 5
Property Flooding / Grading,Inspections,Phone,2018-09-10 9:21,10##,WESTMINSTER,WARD 6
Property Flooding / Grading,Inspections,Phone,2018-09-20 11:08,10##,PIERRE,WARD 4
Property Flooding / Grading,Inspections,Phone,2018-08-09 10:20,27##,JACOB,WARD 10
Property Flooding / Grading,Inspections,Phone,2018-06-01 16:33,1##,CURRY,WARD 2
Property Flooding / Grading,Inspections,Phone,2016-05-03 12:35,10##,PARKVIEW,WARD 6
Property Flooding / Grading,Inspections,Phone,2016-08-25 17:01,84##,MENARD,WARD 6
Property Flooding / Grading,Inspections,Phone,2018-09-04 10:40,992##,CATARAQUI,WARD 4
Property Flooding / Grading,Inspections,Phone,2018-09-11 11:35,29##,ROBILLARD,WARD 10
Property Flooding / Grading,Inspections,Phone,2018-08-15 16:00,13##,TECUMSEH,WARD 2
Property Flooding / Grading,Inspections,Phone,2018-09-28 8:47,27##,ALEXIS,WARD 5
Property Flooding / Grading,Inspections,Phone,2018-08-01 15:27,7##,PARENT,WARD 4
Property Flooding / Grading,Inspections,Phone,2018-09-12 9:24,5##,CHURCH,WARD 3
Property Flooding / Grading,Inspections,Phone,2018-09-12 12:27,13##,DOUGALL,WARD 3
Property Flooding / Grading,Inspections,Phone,2018-09-26 8:58,58##,WYANDOTTE,WARD 6
Property Flooding / Grading,Inspections,Phone,2018-08-17 10:30,42##,ROSELAND,WARD 1
Property Flooding / Grading,Inspections,Phone,2015-09-01 15:08,17##,ELLROSE,WARD 5
Property Flooding / Grading,Inspections,Phone,2018-05-14 15:14,35##,WHITESIDE,WARD 9
Property Flooding / Grading,Inspections,Phone,2018-08-29 12:18,4##,CAMERON,WARD 2
Property Flooding / Grading,Inspections,Phone,2018-09-24 12:25,3##,GENEVIEVE,WARD 6
Property Flooding / Grading,Inspections,Phone,2018-05-17 8:38,10##,PIERRE,WARD 4
Property Flooding / Grading,Inspections,Phone,2018-10-01 12:24,15##,ALBERT,WARD 5
Property Flooding / Grading,Inspections,Phone,2017-04-11 10:44,12##,MATTHEW BRADY,WARD 6
Property Flooding / Grading,Inspections,Phone,2018-09-20 11:04,10##,BROOKVIEW,WARD 10
Property Flooding / Grading,Inspections,E-Mail,2018-09-24 10:05,978##,ALEXANDRA,WARD 10
Property Flooding / Grading,Inspections,Phone,2017-11-24 11:54,3##,SOUTH,WARD 2
Property Flooding / Grading,Inspections,Phone,2017-12-29 12:00,10##,FELIX,WARD 2
Property Flooding / Grading,Inspections,Phone,2018-10-04 12:07,25##,MELDRUM,WARD 5
Property Flooding / Grading,Inspections,Phone,2018-10-04 16:51,18##,ST LUKE,WARD 5
Property Flooding / Grading,Inspections,Phone,2018-09-26 11:46,31##,VIRGINIA PARK,WARD 1
Property Flooding / Grading,Inspections,Phone,2018-09-26 14:30,8##,MOY,WARD 4
Property Flooding / Grading,Inspections,Phone,2018-09-18 13:20,9##,BRUCE,WARD 3
Property Flooding / Grading,Inspections,Phone,2018-09-20 11:42,10##,EDWARD,WARD 6
Property Flooding / Grading,Inspections,Phone,2018-09-24 10:57,7##,MARENTETTE,WARD 4
Property Flooding / Grading,Inspections,Phone,2018-09-26 9:10,9##,OAK,WARD 3
Property Flooding / Grading,Inspections,Phone,2018-10-15 16:47,96##,CHESTNUT,WARD 7
Property Flooding / Grading,Inspections,Phone,2017-10-26 16:15,32##,ARPINO,WARD 7
Property Flooding / Grading,Inspections,Phone,2017-11-27 10:39,13##,ASPENSHORE,WARD 7
Property Flooding / Grading,Inspections,Phone,2018-08-01 13:23,31##,SEVILLE,WARD 7
Property Flooding / Grading,Inspections,Phone,2018-08-22 10:20,14##,ASPENSHORE,WARD 7
Property Flooding / Grading,Inspections,Phone,2018-09-25 11:01,15##,CYPRESS,WARD 7
Property Flooding / Grading,Inspections,Phone,2018-05-28 9:00,998##,WYANDOTTE,WARD 6
Property Flooding / Grading,Inspections,Phone,2018-10-30 10:20,4##,GRAND MARAIS,WARD 1
Property Flooding / Grading,Inspections,Phone,2018-08-03 12:35,32##,MCROBBIE,WARD 7
Property Flooding / Grading,Inspections,Phone,2018-09-17 11:10,22##,ALEXANDRA,WARD 10
Property Flooding / Grading,Inspections,Phone,2018-09-27 13:58,15##,UNIVERSITY,WARD 2
Property Flooding / Grading,Inspections,Phone,2018-10-31 15:29,8##,ELLROSE,WARD 5
Property Flooding / Grading,Inspections,Phone,2018-11-02 9:20,35##,GLENWOOD,WARD 1
Property Flooding / Grading,Inspections,E-Mail,2018-11-02 15:46,15##,ST CLAIR,WARD 10
Property Flooding / Grading,Inspections,Phone,2017-09-01 15:26,18##,CADILLAC,WARD 5
Property Flooding / Grading,Inspections,Phone,2018-08-24 13:09,19##,ELLROSE,WARD 5
Property Flooding / Grading,Inspections,Phone,2018-09-20 13:57,25##,TURNER,WARD 4
Property Flooding / Grading,Inspections,Phone,2018-10-11 11:35,19##,CASTLETON,WARD 7
Property Flooding / Grading,Inspections,Phone,2018-10-11 10:28,9##,PILLETTE,WARD 5
Property Flooding / Grading,Inspections,Phone,2018-10-24 11:16,16##,SOUTHDALE,WARD 10
Property Flooding / Grading,Inspections,Phone,2018-10-11 11:54,10##,GLIDDEN,WARD 6
Property Flooding / Grading,Inspections,Phone,2018-09-26 16:09,36##,BYNG,WARD 9
Property Flooding / Grading,Inspections,Phone,2018-10-09 9:59,12##,HALL,WARD 4
Property Flooding / Grading,Inspections,E-Mail,2018-10-16 16:30,32##,DOMINION,WARD 1
Property Flooding / Grading,Inspections,Phone,2018-09-26 12:56,15##,RANKIN,WARD 10
Property Flooding / Grading,Inspections,Phone,2018-11-09 15:06,7##,EUGENIE,WARD 10
Property Flooding / Grading,Inspections,Phone,2018-07-30 9:59,34##,HARRIS,WARD 2
Property Flooding / Grading,Inspections,Phone,2018-11-19 15:01,40##,SIXTH CONCESSION,WARD 9
Property Flooding / Grading,Inspections,Phone,2018-11-26 13:52,30##,LONGFELLOW,WARD 1
Property Flooding / Grading,Inspections,Phone,2018-05-29 16:35,1##,CAMPBELL,WARD 2
Property Flooding / Grading,Inspections,Phone,2018-10-30 15:43,11##,THUNDERBAY,WARD 7
Property Flooding / Grading,Inspections,Phone,2018-10-01 13:43,4##,VANDERBILT,WARD 7
Property Flooding / Grading,Inspections,Phone,2018-08-20 9:19,7##,ROSEDALE,WARD 2
Property Flooding / Grading,Inspections,Phone,2018-10-24 15:15,16##,PRINCE,WARD 2
Property Flooding / Grading,Inspections,Phone,2018-11-02 14:39,10##,BUCKINGHAM,WARD 6
Property Flooding / Grading,Inspections,Phone,2018-04-17 8:14,37##,POPLAR,WARD 2
Property Flooding / Grading,Inspections,Phone,2018-11-13 14:08,16##,WESTCOTT,WARD 5
Property Flooding / Grading,Inspections,Phone,2018-10-03 14:38,35##,VIRGINIA PARK,WARD 1
Property Flooding / Grading,Inspections,Phone,2018-10-03 15:59,6##,PIERRE,WARD 4
Property Flooding / Grading,Inspections,Phone,2017-07-31 11:42,45##,GAPAM,WARD 1
Property Flooding / Grading,Inspections,Phone,2017-09-21 12:07,23##,AMY LYNN PARK,WARD 1
Property Flooding / Grading,Inspections,Phone,2018-12-21 8:42,23##,DUNESHILL,WARD 7
Property Flooding / Grading,Inspections,Phone,2018-12-20 9:10,23##,DUNESHILL,WARD 7
Property Flooding / Grading,Inspections,Phone,2018-11-28 15:51,27##,MARK,WARD 10
Property Flooding / Grading,Inspections,Phone,2018-12-11 10:21,13##,TOURANGEAU,WARD 5
Property Flooding / Grading,Inspections,Phone,2018-11-26 15:56,85##,FOXHILL,WARD 6
Property Flooding / Grading,Inspections,Phone,2018-11-30 12:50,12##,COVENTRY,WARD 6
Property Flooding / Grading,Inspections,Phone,2018-12-03 15:28,9##,BELLAGIO,WARD 7
Property Flooding / Grading,Inspections,Phone,2018-06-08 10:19,29##,MCROBBIE,WARD 7
Property Flooding / Grading,Inspections,Phone,2018-07-06 12:53,30##,TROUP,WARD 7
Property Flooding / Grading,Inspections,Phone,2018-12-05 9:55,31##,BRUCE,WARD 1
Property Flooding / Grading,Inspections,Phone,2018-11-05 8:41,58##,RIVERSIDE,WARD 6
Property Flooding / Grading,Inspections,E-Mail,2018-11-27 8:49,10##,PEARSON,WARD 7
Property Flooding / Grading,Inspections,E-Mail,2018-11-29 10:22,86##,CEDARVIEW,WARD 6
Property Flooding / Grading,Inspections,Phone,2018-12-12 12:59,13##,RICHMOND,WARD 4
Property Flooding / Grading,Inspections,Phone,2018-11-16 14:24,4##,LOGAN,WARD 3
Property Flooding / Grading,Inspections,Phone,2017-02-08 16:04,86##,DARLINGTON,WARD 6
Property Flooding / Grading,Inspections,Phone,2017-01-06 12:02,11##,PARTINGTON,WARD 2
Property Flooding / Grading,Inspections,Phone,2017-01-23 18:35,972##,MARENTETTE,WARD 9
Property Flooding / Grading,Inspections,Phone,2017-06-01 15:52,10##,MOY,WARD 4
Property Flooding / Grading,Inspections,Phone,2017-01-09 15:37,11##,LOUIS,WARD 4
Property Flooding / Grading,Inspections,Phone,2017-01-12 7:15,15##,ST CLAIR,WARD 10
Property Flooding / Grading,Inspections,Phone,2016-10-31 17:00,37##,HOWARD,WARD 9
Property Flooding / Grading,Inspections,Phone,2017-01-16 10:18,14##,WYANDOTTE,WARD 4
Property Flooding / Grading,Inspections,Phone,2016-12-28 9:59,15##,AUBIN,WARD 5
Property Flooding / Grading,Inspections,Phone,2016-06-09 10:33,15##,ALBERT,WARD 5
Property Flooding / Grading,Inspections,Phone,2016-06-28 13:43,10##,GILES,WARD 4
Property Flooding / Grading,Inspections,Phone,2016-10-24 9:13,984##,RANKIN,WARD 10
Property Flooding / Grading,Inspections,Phone,2016-07-11 13:50,33##,HOWARD,WARD 9
Property Flooding / Grading,Inspections,Phone,2016-10-04 16:03,19##,BALFOUR,WARD 8
Property Flooding / Grading,Inspections,Phone,2016-06-10 15:50,46##,OSAKA,WARD 9
Property Flooding / Grading,Inspections,Phone,2014-07-10 16:01,12##,AIRE,WARD 6
Property Flooding / Grading,Inspections,Phone,2015-12-18 9:37,37##,HOWARD,WARD 9
Property Flooding / Grading,Inspections,Phone,2016-03-29 11:37,37##,HOWARD,WARD 9
Property Flooding / Grading,Inspections,Phone,2016-10-18 10:42,19##,JEFFERSON,WARD 8
Property Flooding / Grading,Inspections,Phone,2016-12-28 8:59,4##,MATTHEW BRADY,WARD 6
Property Flooding / Grading,Inspections,Phone,2016-07-15 13:19,7##,JANETTE,WARD 3
Property Flooding / Grading,Inspections,Phone,2016-08-22 10:29,16##,WINDSOR,WARD 3
Property Flooding / Grading,Inspections,Phone,2016-08-22 11:04,17##,LONGFELLOW,WARD 10
Property Flooding / Grading,Inspections,Phone,2016-08-24 14:19,17##,LONGFELLOW,WARD 10
Property Flooding / Grading,Inspections,Phone,2016-11-30 7:25,13##,OUELLETTE,WARD 3
Property Flooding / Grading,Inspections,Phone,2017-01-05 13:09,2##,GROVE,WARD 3
Property Flooding / Grading,Inspections,Phone,2017-01-09 10:34,16##,CATARAQUI,WARD 4
Property Flooding / Grading,Inspections,Phone,2015-04-28 10:45,19##,BUCKINGHAM,WARD 8
Property Flooding / Grading,Inspections,Phone,2016-03-31 9:46,26##,BUCKINGHAM,WARD 8
Property Flooding / Grading,Inspections,Phone,2016-05-05 9:37,26##,BUCKINGHAM,WARD 8
Property Flooding / Grading,Inspections,Phone,2016-11-03 14:01,26##,BUCKINGHAM,WARD 8
Property Flooding / Grading,Inspections,Phone,2017-01-09 8:15,4##,PARK,WARD 3
Property Flooding / Grading,Inspections,Phone,2016-09-27 16:25,31##,BLISS,WARD 9
Property Flooding / Grading,Inspections,Phone,2016-10-05 14:09,40##,MANZANILLO,WARD 9
Property Flooding / Grading,Inspections,Phone,2016-10-11 8:24,39##,ZANZIBAR,WARD 9
Property Flooding / Grading,Inspections,Phone,2016-05-04 11:33,14##,GEORGE,WARD 5
Property Flooding / Grading,Inspections,Phone,2016-08-24 12:33,22##,GATWICK,WARD 7
Property Flooding / Grading,Inspections,Phone,2016-08-29 14:34,22##,DUNESHILL,WARD 7
Property Flooding / Grading,Inspections,Phone,2016-05-24 10:45,5##,SARAH,WARD 9
Property Flooding / Grading,Inspections,Phone,2016-08-16 14:09,1##,CABANA,WARD 9
Property Flooding / Grading,Inspections,Phone,2016-08-29 9:59,39##,MARACAIBO,WARD 9
Property Flooding / Grading,Inspections,Phone,2017-01-12 13:56,12##,MATTHEW BRADY,WARD 6
Property Flooding / Grading,Inspections,Phone,2016-07-18 14:11,35##,BYNG,WARD 9
Property Flooding / Grading,Inspections,Phone,2014-09-15 16:06,11##,BELLEPERCHE,WARD 6
Property Flooding / Grading,Inspections,Phone,2014-10-16 7:57,77##,TRANBY,WARD 6
Property Flooding / Grading,Inspections,Phone,2017-02-07 14:19,12##,HURON CHURCH,WARD 2
Property Flooding / Grading,Inspections,Phone,2016-03-14 13:03,9##,RIVERDALE,WARD 6
Property Flooding / Grading,Inspections,Phone,2016-11-21 15:18,29##,BRIMLEY,WARD 7
Property Flooding / Grading,Inspections,Phone,2016-04-18 13:51,17##,LANGLOIS,WARD 4
Property Flooding / Grading,Inspections,Phone,2016-04-05 16:23,9##,LANGLOIS,WARD 4
Property Flooding / Grading,Inspections,Phone,2016-07-05 15:06,8##,NOVA,WARD 9
Property Flooding / Grading,Inspections,Phone,2017-01-20 12:55,2##,WATSON,WARD 6
Property Flooding / Grading,Inspections,Phone,2017-01-20 13:12,12##,EASTLAWN,WARD 6
Property Flooding / Grading,Inspections,Phone,2014-10-10 9:01,30##,DOWNING,WARD 8
Property Flooding / Grading,Inspections,Phone,2017-01-16 11:07,16##,JEFFERSON,WARD 8
Property Flooding / Grading,Inspections,Phone,2017-01-24 17:30,6##,GRAND MARAIS,WARD 10
Property Flooding / Grading,Inspections,Phone,2016-11-08 9:20,19##,CLOVER,WARD 7
Property Flooding / Grading,Inspections,Phone,2017-01-13 9:13,31##,SEVILLE,WARD 7
Property Flooding / Grading,Inspections,Phone,2017-01-23 11:20,10##,RENDEZVOUS,WARD 7
Property Flooding / Grading,Inspections,Phone,2017-03-24 13:03,6##,RODFAM,WARD 1
Property Flooding / Grading,Inspections,Phone,2015-12-03 12:14,3##,LAUZON,WARD 6
Property Flooding / Grading,Inspections,Phone,2015-12-30 12:06,61##,TECUMSEH,WARD 8
Property Flooding / Grading,Inspections,Phone,2017-03-24 11:32,32##,MCKAY,WARD 1
Property Flooding / Grading,Inspections,Phone,2017-04-18 9:09,16##,VILLA MARIA,WARD 1
Property Flooding / Grading,Inspections,Phone,2017-05-17 12:05,1##,AYLMER,WARD 3
Property Flooding / Grading,Inspections,Phone,2016-03-29 12:37,5##,ELINOR,WARD 7
Property Flooding / Grading,Inspections,Phone,2016-04-20 11:32,16##,OLIVE,WARD 8
Property Flooding / Grading,Inspections,Phone,2016-08-02 8:50,7##,VICTORIA,WARD 3
Property Flooding / Grading,Inspections,Phone,2017-03-03 8:32,5##,TOURNIER,WARD 2
Property Flooding / Grading,Inspections,Phone,2017-03-23 14:13,23##,LILLIAN,WARD 4
Property Flooding / Grading,Inspections,Phone,2017-02-07 12:14,2##,OUELLETTE,WARD 3
Property Flooding / Grading,Inspections,Phone,2017-03-01 15:13,21##,YORK,WARD 3
Property Flooding / Grading,Inspections,Phone,2017-02-27 9:24,16##,AUBIN,WARD 5
Property Flooding / Grading,Inspections,Phone,2016-09-29 13:02,63##,RIVERSIDE,WARD 6
Property Flooding / Grading,Inspections,Phone,2017-03-20 9:34,29##,ROBILLARD,WARD 10
Property Flooding / Grading,Inspections,Phone,2017-02-21 16:11,17##,JEFFERSON,WARD 8
Property Flooding / Grading,Inspections,Phone,2017-03-01 12:47,33##,GLENWOOD,WARD 1
Property Flooding / Grading,Inspections,Phone,2014-06-19 11:27,25##,CLEMENCEAU,WARD 8
Property Flooding / Grading,Inspections,Phone,2014-09-02 13:06,16##,BUCKINGHAM,WARD 8
Property Flooding / Grading,Inspections,Phone,2015-01-28 11:02,994##,RAYMO,WARD 6
Property Flooding / Grading,Inspections,Phone,2015-07-08 18:36,9##,EASTLAWN,WARD 6
Property Flooding / Grading,Inspections,Phone,2016-10-18 9:20,102##,EASTCOURT,WARD 7
Property Flooding / Grading,Inspections,Phone,2016-07-11 12:56,9##,ELM,WARD 3
Property Flooding / Grading,Inspections,Phone,2014-11-24 11:31,11##,REEDMERE,WARD 6
Property Flooding / Grading,Inspections,Phone,2017-03-01 15:49,15##,LINCOLN,WARD 4
Property Flooding / Grading,Inspections,Phone,2017-03-06 8:09,30##,RUSHTON,WARD 7
Property Flooding / Grading,Inspections,Phone,2015-04-09 16:33,17##,GLENDALE,WARD 8
Property Flooding / Grading,Inspections,Phone,2017-01-12 9:51,9##,RHOLAINE,WARD 6
Property Flooding / Grading,Inspections,Phone,2017-01-17 9:25,14##,POLONIA PARK,WARD 8
Property Flooding / Grading,Inspections,Phone,2017-03-01 9:28,12##,MATTHEW BRADY,WARD 6
Property Flooding / Grading,Inspections,Phone,2015-05-04 14:38,84##,MOOR,WARD 6
Property Flooding / Grading,Inspections,Phone,2017-04-06 13:31,16##,ST CLAIR,WARD 10
Property Flooding / Grading,Inspections,Phone,2017-04-06 9:46,19##,ARTHUR,WARD 5
Property Flooding / Grading,Inspections,Phone,2015-08-05 15:13,28##,CLEMENCEAU,WARD 8
Property Flooding / Grading,Inspections,Phone,2015-09-28 11:13,8##,ST LOUIS,WARD 6
Property Flooding / Grading,Inspections,Phone,2016-09-29 9:00,5##,RIVERDALE,WARD 6
Property Flooding / Grading,Inspections,Phone,2017-03-21 11:47,33##,CURRY,WARD 1
Property Flooding / Grading,Inspections,Phone,2017-05-01 11:39,9##,BANWELL,WARD 7
Property Flooding / Grading,Inspections,Phone,2015-06-09 15:49,54##,TECUMSEH,WARD 8
Property Flooding / Grading,Inspections,Phone,2015-12-29 10:23,35##,BYNG,WARD 9
Property Flooding / Grading,Inspections,Phone,2016-03-23 7:26,52##,RIVERSIDE,WARD 6
Property Flooding / Grading,Inspections,Phone,2016-03-29 12:42,103##,MENARD,WARD 7
Property Flooding / Grading,Inspections,Phone,2016-04-07 9:28,10##,RIVERDALE,WARD 6
Property Flooding / Grading,Inspections,Phone,2016-06-23 15:15,113##,RIVERSIDE,WARD 7
Property Flooding / Grading,Inspections,Phone,2016-09-07 10:59,12##,ISABELLE,WARD 6
Property Flooding / Grading,Inspections,Phone,2016-10-03 9:21,8##,BELLE ISLE VIEW,WARD 6
Property Flooding / Grading,Inspections,Phone,2016-10-03 14:43,8##,MATTHEW BRADY,WARD 6
Property Flooding / Grading,Inspections,Phone,2016-10-17 8:41,4##,LORI,WARD 6
Property Flooding / Grading,Inspections,Phone,2016-10-18 16:26,10##,LAPORTE,WARD 6
Property Flooding / Grading,Inspections,Phone,2017-02-17 13:50,36##,TURNER,WARD 9
Property Flooding / Grading,Inspections,Phone,2017-03-31 9:01,30##,AVONDALE,WARD 1
Property Flooding / Grading,Inspections,Phone,2017-04-10 11:23,40##,MOUNT ROYAL,WARD 1
Property Flooding / Grading,Inspections,Phone,2017-04-06 15:50,6##,TALBOT,WARD 1
Property Flooding / Grading,Inspections,Phone,2017-04-07 9:17,961##,42,WARD 9
Property Flooding / Grading,Inspections,Phone,2017-03-28 12:04,40##,LONGFELLOW,WARD 1
Property Flooding / Grading,Inspections,Phone,2015-07-02 10:41,8##,ISACK,WARD 6
Property Flooding / Grading,Inspections,Phone,2015-08-20 11:38,54##,MALDEN,WARD 1
Property Flooding / Grading,Inspections,Phone,2015-09-28 10:37,4##,ST JOHN,WARD 6
Property Flooding / Grading,Inspections,Phone,2015-12-03 10:50,90##,CONWAY,WARD 6
Property Flooding / Grading,Inspections,Phone,2015-12-29 14:29,3##,ST JOHN,WARD 6
Property Flooding / Grading,Inspections,Phone,2016-06-07 11:43,9##,WATSON,WARD 6
Property Flooding / Grading,Inspections,Phone,2016-06-20 18:14,2##,LAUZON,WARD 6
Property Flooding / Grading,Inspections,Phone,2016-07-12 11:37,946##,CNR ROADWAY WD 7,WARD 8
Property Flooding / Grading,Inspections,Phone,2016-07-28 17:23,9##,BANWELL,WARD 7
Property Flooding / Grading,Inspections,Phone,2017-03-31 18:49,34##,WOODLAWN,WARD 9
Property Flooding / Grading,Inspections,Phone,2017-03-31 14:42,28##,RANDOLPH,WARD 10
Property Flooding / Grading,Inspections,Phone,2017-04-04 8:59,8##,MOY,WARD 4
Property Flooding / Grading,Inspections,Phone,2017-04-07 13:09,2##,BELLEVIEW,WARD 5
Property Flooding / Grading,Inspections,Phone,2017-05-01 10:47,7##,KENNEDY,WARD 1
Property Flooding / Grading,Inspections,Phone,2017-04-13 11:20,32##,ARPINO,WARD 7
Property Flooding / Grading,Inspections,Phone,2017-05-03 12:14,12##,BELLEPERCHE,WARD 6
Property Flooding / Grading,Inspections,Phone,2017-05-04 15:44,16##,BEALS,WARD 1
Property Flooding / Grading,Inspections,Phone,2016-03-30 9:59,5##,RIVERDALE,WARD 6
Property Flooding / Grading,Inspections,E-Mail,2016-04-18 17:15,16##,NORMAN,WARD 8
Property Flooding / Grading,Inspections,Phone,2016-06-03 9:40,5##,RIVERDALE,WARD 6
Property Flooding / Grading,Inspections,Phone,2016-06-20 10:15,97##,BEACHDALE,WARD 7
Property Flooding / Grading,Inspections,Phone,2017-07-21 16:49,995##,EASTLAWN,WARD 6
Property Flooding / Grading,Inspections,Phone,2016-10-18 16:28,10##,WATSON,WARD 6
Property Flooding / Grading,Inspections,Phone,2017-03-29 11:49,23##,WATERFORD,WARD 7
Property Flooding / Grading,Inspections,Phone,2017-04-06 10:48,12##,EASTLAWN,WARD 6
Property Flooding / Grading,Inspections,Phone,2017-04-19 9:32,5##,DOUGALL,WARD 3
Property Flooding / Grading,Inspections,Phone,2016-09-29 10:13,17##,GLENDALE,WARD 8
Property Flooding / Grading,Inspections,Phone,2017-03-31 12:48,27##,BUCKINGHAM,WARD 8
Property Flooding / Grading,Inspections,Phone,2017-04-05 15:28,35##,PETER,WARD 2
Property Flooding / Grading,Inspections,Phone,2017-04-06 9:36,32##,DOMINION,WARD 1
Property Flooding / Grading,Inspections,Phone,2017-04-06 13:39,54##,TECUMSEH,WARD 8
Property Flooding / Grading,Inspections,Phone,2017-04-06 13:44,54##,TECUMSEH,WARD 8
Property Flooding / Grading,Inspections,Phone,2017-04-11 16:57,8##,GLIDDEN,WARD 6
Property Flooding / Grading,Inspections,Phone,2017-04-12 12:52,13##,RANKIN,WARD 2
Property Flooding / Grading,Inspections,Phone,2017-04-07 15:18,113##,RIVERSIDE,WARD 7
Property Flooding / Grading,Inspections,Phone,2017-03-21 14:43,12##,CHATEAU,WARD 7
Property Flooding / Grading,Inspections,Phone,2015-07-03 14:15,12##,COVENTRY,WARD 6
Property Flooding / Grading,Inspections,Phone,2017-04-07 10:17,9##,WATSON,WARD 6
Property Flooding / Grading,Inspections,Phone,2017-04-11 10:44,12##,MATTHEW BRADY,WARD 6
Property Flooding / Grading,Inspections,Phone,2015-06-12 15:25,994##,BUCKINGHAM,WARD 6
Property Flooding / Grading,Inspections,Phone,2016-03-07 16:28,29##,MCROBBIE,WARD 7
Property Flooding / Grading,Inspections,Phone,2016-05-25 17:42,10##,BUCKINGHAM,WARD 6
Property Flooding / Grading,Inspections,Phone,2016-10-24 17:21,3##,ST JOHN,WARD 6
Property Flooding / Grading,Inspections,Phone,2017-04-07 10:22,5##,LISA,WARD 1
Property Flooding / Grading,Inspections,Phone,2017-05-03 14:15,4##,CARON,WARD 3
Property Flooding / Grading,Inspections,Phone,2017-05-05 9:13,12##,PACIFIC,WARD 10
Property Flooding / Grading,Inspections,Phone,2016-03-24 18:34,24##,RIVARD,WARD 8
Property Flooding / Grading,Inspections,Phone,2016-03-31 16:01,10##,LAPORTE,WARD 6
Property Flooding / Grading,Inspections,Phone,2016-04-08 11:45,3##,LAPORTE,WARD 6
Property Flooding / Grading,Inspections,Phone,2016-05-05 11:14,12##,BELLEPERCHE,WARD 6
Property Flooding / Grading,Inspections,Phone,2017-01-16 17:58,27##,JOS ST LOUIS,WARD 8
Property Flooding / Grading,Inspections,Phone,2017-03-31 9:44,8##,RHOLAINE,WARD 6
Property Flooding / Grading,Inspections,Phone,2017-05-18 13:44,4##,MARTINIQUE,WARD 7
Property Flooding / Grading,Inspections,E-Mail,2017-04-04 16:31,94##,RYERSON,WARD 7
Property Flooding / Grading,Inspections,Phone,2017-05-02 16:41,22##,FOREST,WARD 4
Property Flooding / Grading,Inspections,Phone,2017-05-04 15:57,12##,PACIFIC,WARD 10
Property Flooding / Grading,Inspections,E-Mail,2017-04-03 12:28,25##,CENTRAL,WARD 5
Property Flooding / Grading,Inspections,Phone,2017-05-16 13:01,31##,RADISSON,WARD 1
Property Flooding / Grading,Inspections,Phone,2017-05-10 9:27,8##,GLIDDEN,WARD 6
Property Flooding / Grading,Inspections,Phone,2016-10-06 13:21,11##,JARVIS,WARD 7
Property Flooding / Grading,Inspections,Phone,2017-05-01 14:10,8##,GLIDDEN,WARD 6
Property Flooding / Grading,Inspections,Phone,2017-05-08 9:46,111##,SNOWCREST,WARD 7
Property Flooding / Grading,Inspections,Phone,2017-02-08 11:02,14##,ROSELAWN,WARD 1
Property Flooding / Grading,Inspections,Phone,2017-05-23 13:03,27##,LIONEL,WARD 10
Property Flooding / Grading,Inspections,Phone,2017-05-24 8:33,14##,TOURANGEAU,WARD 5
Property Flooding / Grading,Inspections,Phone,2017-06-19 9:32,23##,ST PATRICK'S,WARD 10
Property Flooding / Grading,Inspections,Phone,2017-04-03 13:43,9##,VIRGINIA,WARD 6
Property Flooding / Grading,Inspections,Phone,2017-03-31 11:06,36##,VIRGINIA PARK,WARD 1
Property Flooding / Grading,Inspections,Phone,2017-04-24 10:57,16##,FORD,WARD 8
Property Flooding / Grading,Inspections,Phone,2016-08-25 14:16,14##,BAYSWATER,WARD 6
Property Flooding / Grading,Inspections,Phone,2017-04-21 14:54,5##,MORAND,WARD 9
Property Flooding / Grading,Inspections,Phone,2017-05-08 10:38,19##,GLENDALE,WARD 8
Property Flooding / Grading,Inspections,Phone,2017-06-23 15:34,84##,MOOR,WARD 6
Property Flooding / Grading,Inspections,Phone,2017-06-09 14:46,15##,ELLROSE,WARD 5
Property Flooding / Grading,Inspections,Phone,2017-06-19 10:12,29##,BUTTERY,WARD 10
Property Flooding / Grading,Inspections,Phone,2017-05-16 15:38,11##,JARVIS,WARD 7
Property Flooding / Grading,Inspections,Phone,2017-05-17 11:28,2##,PINE,WARD 3
Property Flooding / Grading,Inspections,Phone,2016-09-29 17:36,4##,GREENDALE,WARD 6
Property Flooding / Grading,Inspections,Phone,2017-04-26 14:10,12##,COPPERFIELD,WARD 6
Property Flooding / Grading,Inspections,Phone,2017-06-02 12:34,22##,CHARL,WARD 3
Property Flooding / Grading,Inspections,Phone,2017-06-02 13:26,39##,LENNON,WARD 1
Property Flooding / Grading,Inspections,E-Mail,2017-06-06 11:40,26##,FLEMING,WARD 10
Property Flooding / Grading,Inspections,Phone,2017-06-07 13:20,19##,FRANCOIS,WARD 5
Property Flooding / Grading,Inspections,Phone,2017-06-02 14:57,10##,PELISSIER,WARD 3
Property Flooding / Grading,Inspections,Phone,2017-06-15 11:49,8##,MATTHEW BRADY,WARD 6
Property Flooding / Grading,Inspections,Phone,2017-06-19 8:11,103##,PEPPERVINE,WARD 7
Property Flooding / Grading,Inspections,Phone,2017-06-20 12:50,110##,RIVERSIDE,WARD 7
Property Flooding / Grading,Inspections,Phone,2017-06-16 14:52,10##,DOT,WARD 2
Property Flooding / Grading,Inspections,Phone,2017-06-23 11:59,15##,ASPENSHORE,WARD 7
Property Flooding / Grading,Inspections,Phone,2017-05-16 16:32,73##,TECUMSEH,WARD 8
Property Flooding / Grading,Inspections,Phone,2017-06-19 16:13,3##,FRANK,WARD 6
Property Flooding / Grading,Inspections,Phone,2017-09-25 17:07,12##,AUBIN,WARD 5
Property Flooding / Grading,Inspections,Phone,2017-10-13 9:13,7##,JANETTE,WARD 3
Property Flooding / Grading,Inspections,Phone,2017-06-19 14:15,37##,HOWARD,WARD 9
Property Flooding / Grading,Inspections,Phone,2017-07-10 9:09,10##,EDWARD,WARD 6
Property Flooding / Grading,Inspections,Phone,2017-07-19 14:54,32##,WILDWOOD,WARD 7
Property Flooding / Grading,Inspections,Phone,2017-07-21 10:56,105##,KEATING,WARD 7
Property Flooding / Grading,Inspections,Phone,2017-07-10 11:29,16##,ST CLAIR,WARD 10
Property Flooding / Grading,Inspections,Phone,2017-07-11 11:07,15##,OUELLETTE,WARD 3
Property Flooding / Grading,Inspections,Phone,2017-07-12 10:54,45##,8TH CON,WARD 9
Property Flooding / Grading,Inspections,Phone,2017-07-12 15:54,10##,RENDEZVOUS,WARD 7
Property Flooding / Grading,Inspections,Phone,2016-12-30 11:51,29##,MCROBBIE,WARD 7
Property Flooding / Grading,Inspections,Phone,2017-07-05 8:32,30##,TROUP,WARD 7
Property Flooding / Grading,Inspections,Phone,2017-07-11 12:12,29##,MCROBBIE,WARD 7
Property Flooding / Grading,Inspections,Phone,2017-07-13 11:36,84##,WYANDOTTE,WARD 6
Property Flooding / Grading,Inspections,Phone,2017-10-18 14:56,973##,ROCKWELL,WARD 10
Property Flooding / Grading,Inspections,Phone,2017-08-11 11:51,23##,RANKIN,WARD 10
Property Flooding / Grading,Inspections,Phone,2017-11-27 10:39,13##,ASPENSHORE,WARD 7
Property Flooding / Grading,Inspections,Phone,2017-07-10 13:54,25##,ALEXIS,WARD 5
Property Flooding / Grading,Inspections,Phone,2017-07-31 11:42,45##,GAPAM,WARD 1
Property Flooding / Grading,Inspections,Phone,2017-04-11 16:58,8##,GLIDDEN,WARD 6
Property Flooding / Grading,Inspections,Phone,2017-06-28 8:28,29##,MCROBBIE,WARD 7
Property Flooding / Grading,Inspections,Phone,2017-07-10 9:40,18##,CENTRAL,WARD 5
Property Flooding / Grading,Inspections,Phone,2017-07-19 9:28,14##,ASSUMPTION,WARD 4
Property Flooding / Grading,Inspections,Phone,2017-07-19 14:16,14##,LILLIAN,WARD 4
Property Flooding / Grading,Inspections,Phone,2017-08-31 10:42,2##,KENILWORTH,WARD 9
Property Flooding / Grading,Inspections,Phone,2017-08-31 10:56,11##,EDWARD,WARD 6
Property Flooding / Grading,Inspections,Phone,2017-08-31 11:05,86##,DARLINGTON,WARD 6
Property Flooding / Grading,Inspections,Phone,2017-08-29 19:12,28##,ORION,WARD 10
Property Flooding / Grading,Inspections,Phone,2017-07-25 11:56,101##,EASTCOURT,WARD 7
Property Flooding / Grading,Inspections,Phone,2017-07-13 13:24,2##,OAK,WARD 3
Property Flooding / Grading,Inspections,Phone,2017-06-05 8:15,8##,VIMY,WARD 4
Property Flooding / Grading,Inspections,Phone,2017-05-23 11:33,10##,RIVERSIDE,WARD 3
Property Flooding / Grading,Inspections,Phone,2017-08-31 13:42,974##,ROCKWELL,WARD 10
Property Flooding / Grading,Inspections,Phone,2017-08-31 16:06,21##,CHURCH,WARD 3
Property Flooding / Grading,Inspections,Phone,2017-09-01 8:47,9##,VILLAIRE,WARD 6
Property Flooding / Grading,Inspections,Phone,2017-08-31 12:00,13##,DOUGALL,WARD 3
Property Flooding / Grading,Inspections,Phone,2017-09-01 12:29,10##,HENRY FORD CENTRE,WARD 5
Property Flooding / Grading,Inspections,Phone,2017-09-01 13:31,31##,VIRGINIA PARK,WARD 1
Property Flooding / Grading,Inspections,Phone,2016-03-14 16:10,35##,DANDURAND,WARD 1
Property Flooding / Grading,Inspections,Phone,2017-08-30 8:35,98##,KENWOOD,WARD 7
Property Flooding / Grading,Inspections,Phone,2017-08-30 8:38,9##,EASTLAWN,WARD 6
Property Flooding / Grading,Inspections,Phone,2017-08-30 9:51,4##,WATSON,WARD 6
Property Flooding / Grading,Inspections,Phone,2016-03-30 10:58,36##,ROCKWELL,WARD 1
Property Flooding / Grading,Inspections,Phone,2016-06-07 13:58,23##,DONNA,WARD 1
Property Flooding / Grading,Inspections,Text,2017-04-03 12:34,32##,CURRY,WARD 1
Property Flooding / Grading,Inspections,Phone,2017-10-18 9:35,8##,ELLROSE,WARD 5
Property Flooding / Grading,Inspections,Phone,2017-09-18 9:45,8##,BELLEPERCHE,WARD 6
Property Flooding / Grading,Inspections,Phone,2017-07-19 12:45,25##,KATELLA,WARD 7
Property Flooding / Grading,Inspections,Phone,2017-08-04 9:28,22##,FRASER,WARD 4
Property Flooding / Grading,Inspections,Phone,2017-07-31 10:52,22##,GATWICK,WARD 7
Property Flooding / Grading,Inspections,Phone,2017-08-18 15:59,5##,CHURCH,WARD 3
Property Flooding / Grading,Inspections,Phone,2017-09-06 14:49,39##,RIBERDY,WARD 9
Property Flooding / Grading,Inspections,Phone,2017-06-21 11:58,8##,RHOLAINE,WARD 6
Property Flooding / Grading,Inspections,Phone,2017-06-26 8:06,84##,MOOR,WARD 6
Property Flooding / Grading,Inspections,Phone,2017-08-22 13:30,18##,CENTRAL,WARD 5
Property Flooding / Grading,Inspections,Phone,2017-09-01 14:17,9##,REEDMERE,WARD 6
Property Flooding / Grading,Inspections,Phone,2017-09-01 14:27,21##,AMY LYNN PARK,WARD 1
Property Flooding / Grading,Inspections,Phone,2017-09-01 15:26,18##,CADILLAC,WARD 5
Property Flooding / Grading,Inspections,Phone,2017-09-05 14:40,25##,ALEXANDRA,WARD 10
Property Flooding / Grading,Inspections,Phone,2017-08-30 9:40,21##,VICTORIA,WARD 3
Property Flooding / Grading,Inspections,Phone,2017-09-19 9:42,7##,JANETTE,WARD 3
Property Flooding / Grading,Inspections,Phone,2017-04-03 11:03,15##,ST CLAIR,WARD 10
Property Flooding / Grading,Inspections,Phone,2017-05-08 13:58,28##,LANGLOIS,WARD 10
Property Flooding / Grading,Inspections,Phone,2017-09-05 13:42,29##,ORION,WARD 10
Property Flooding / Grading,Inspections,Phone,2017-08-29 10:13,36##,VICTORIA,WARD 9
Property Flooding / Grading,Inspections,Phone,2017-08-29 13:30,31##,ASKIN,WARD 1
Property Flooding / Grading,Inspections,Phone,2017-08-29 13:45,31##,ST PATRICK'S,WARD 1
Property Flooding / Grading,Inspections,Phone,2017-08-29 13:46,22##,BETHLEHEM,WARD 1
Property Flooding / Grading,Inspections,Phone,2017-08-30 9:54,9##,VIRGINIA PARK,WARD 1
Property Flooding / Grading,Inspections,Phone,2017-08-30 15:06,36##,HUNTINGTON,WARD 9
Property Flooding / Grading,Inspections,Phone,2017-09-05 9:30,30##,MORRIS,WARD 1
Property Flooding / Grading,Inspections,Phone,2017-09-05 9:54,27##,RANDOLPH,WARD 10
Property Flooding / Grading,Inspections,E-Mail,2017-09-05 16:29,10##,CHURCH,WARD 3
Property Flooding / Grading,Inspections,Phone,2017-09-06 8:47,35##,ST PATRICK'S,WARD 1
Property Flooding / Grading,Inspections,Phone,2017-09-22 10:58,3##,PARENT,WARD 4
Property Flooding / Grading,Inspections,Phone,2017-09-13 13:57,34##,ST PATRICK'S,WARD 1
Property Flooding / Grading,Inspections,Phone,2017-08-28 11:18,22##,LILLIAN,WARD 4
Property Flooding / Grading,Inspections,Phone,2017-08-30 9:50,20##,LORAINE,WARD 4
Property Flooding / Grading,Inspections,Phone,2017-09-05 16:48, ,HANNA,WARD 3
Property Flooding / Grading,Inspections,Phone,2017-09-06 12:45,973##,ROCKWELL,WARD 10
Property Flooding / Grading,Inspections,Phone,2017-08-30 15:41,24##,GEORGE,WARD 5
Property Flooding / Grading,Inspections,Phone,2017-09-06 12:11,22##,LILLIAN,WARD 4
Property Flooding / Grading,Inspections,Phone,2017-09-06 15:05,989##,ST LUKE,WARD 5
Property Flooding / Grading,Inspections,Phone,2017-09-11 14:00,15##,NORMAN,WARD 8
Property Flooding / Grading,Inspections,Phone,2017-08-29 9:32,15##,MOY,WARD 4
Property Flooding / Grading,Inspections,E-Mail,2017-09-06 10:20,13##,BERNARD,WARD 5
Property Flooding / Grading,Inspections,Phone,2017-09-06 10:21,13##,BERNARD,WARD 5
Property Flooding / Grading,Inspections,Phone,2017-08-29 18:05,12##,GEORGE,WARD 5
Property Flooding / Grading,Inspections,Phone,2017-09-21 12:07,23##,AMY LYNN PARK,WARD 1
Property Flooding / Grading,Inspections,Phone,2017-08-29 17:53,63##,WYANDOTTE,WARD 6
Property Flooding / Grading,Inspections,Phone,2017-09-05 12:37,13##,BERNARD,WARD 5
Property Flooding / Grading,Inspections,Phone,2017-09-06 9:16,19##,ARRAS,WARD 4
Property Flooding / Grading,Inspections,Phone,2017-09-15 13:06,17##,ST CLAIR,WARD 10
Property Flooding / Grading,Inspections,Phone,2017-09-20 14:34,11##,NORTHWOOD,WARD 10
Property Flooding / Grading,Inspections,Phone,2017-08-08 10:44,9##,LAPORTE,WARD 6
Property Flooding / Grading,Inspections,Phone,2017-09-28 10:18,11##,EASTLAWN,WARD 6
Property Flooding / Grading,Inspections,Phone,2017-09-20 9:46,3##,ST PAUL,WARD 6
Property Flooding / Grading,Inspections,Phone,2017-08-31 16:33,14##,NORMAN,WARD 8
Property Flooding / Grading,Inspections,Phone,2017-09-12 13:52,16##,ST CLAIR,WARD 10
Property Flooding / Grading,Inspections,Phone,2017-11-07 15:01,31##,ASKIN,WARD 1
Property Flooding / Grading,Inspections,Phone,2015-07-23 13:30,19##,ARTHUR,WARD 5
Property Flooding / Grading,Inspections,Phone,2016-04-12 14:59,12##,HICKORY,WARD 5
Property Flooding / Grading,Inspections,Phone,2017-08-29 13:07,4##,DORMAR,WARD 6
Property Flooding / Grading,Inspections,Phone,2017-10-10 11:28,31##,LONGFELLOW,WARD 1
Property Flooding / Grading,Inspections,Phone,2015-08-18 10:39,27##,ALEXANDRA,WARD 10
Property Flooding / Grading,Inspections,Phone,2016-04-15 11:03,973##,PARTINGTON,WARD 10
Property Flooding / Grading,Inspections,Phone,2017-09-20 10:13,9##,LAPORTE,WARD 6
Property Flooding / Grading,Inspections,Phone,2017-10-11 10:14,9##,BRUCE,WARD 3
Property Flooding / Grading,Inspections,Phone,2017-10-26 16:15,32##,ARPINO,WARD 7
Property Flooding / Grading,Inspections,Phone,2017-08-31 15:41,6##,CHARLES,WARD 10
Property Flooding / Grading,Inspections,Phone,2016-05-06 12:26,20##,FORD,WARD 8
Property Flooding / Grading,Inspections,Phone,2017-11-22 10:14,36##,BIRCH,WARD 2
Property Flooding / Grading,Inspections,Phone,2017-08-15 11:19,20##,LORAINE,WARD 4
Property Flooding / Grading,Inspections,Phone,2016-05-03 9:43,19##,BUCKINGHAM,WARD 8
Property Flooding / Grading,Inspections,Phone,2017-09-08 9:57,18##,BERNARD,WARD 5
Property Flooding / Grading,Inspections,Phone,2017-09-13 8:44,15##,WALKER,WARD 5
Property Flooding / Grading,Inspections,Phone,2017-09-13 11:35,18##,FACTORIA,WARD 5
Property Flooding / Grading,Inspections,E-Mail,2017-07-24 15:24,95##,RIDGE,WARD 7
Property Flooding / Grading,Inspections,Phone,2016-05-16 11:24,85##,FOXHILL,WARD 6
Property Flooding / Grading,Inspections,Phone,2016-05-02 13:58,29##,REGIS,WARD 7
Property Flooding / Grading,Inspections,Phone,2016-05-03 12:34,25##,ARMSTRONG,WARD 8
Property Flooding / Grading,Inspections,Phone,2016-05-31 16:08,12##,JANISSE,WARD 6
Property Flooding / Grading,Inspections,Phone,2016-06-16 11:53,52##,RAYMOND,WARD 6
Property Flooding / Grading,Inspections,Phone,2017-11-06 15:51,27##,ST PATRICK'S,WARD 10
Property Flooding / Grading,Inspections,Phone,2017-11-06 8:45,7##,LINCOLN,WARD 4
Property Flooding / Grading,Inspections,Phone,2017-11-07 8:50,2##,ST LOUIS,WARD 6
Property Flooding / Grading,Inspections,Phone,2017-11-07 10:23,17##,INVERNESS,WARD 7
Property Flooding / Grading,Inspections,Phone,2017-10-20 9:25,17##,GATE,WARD 8
Property Flooding / Grading,Inspections,Phone,2017-11-24 11:54,3##,SOUTH,WARD 2
Property Flooding / Grading,Inspections,Phone,2017-10-19 14:00,11##,MARION,WARD 4
Property Flooding / Grading,Inspections,Phone,2017-10-23 14:02,6##,VICTORIA,WARD 3
Property Flooding / Grading,Inspections,Phone,2017-11-28 15:18,18##,HALL,WARD 4
Property Flooding / Grading,Inspections,Phone,2017-10-31 16:45,26##,PRESTON,WARD 10
Property Flooding / Grading,Inspections,Phone,2017-12-20 10:10,14##,ARTHUR,WARD 5
Property Flooding / Grading,Inspections,Phone,2017-04-03 15:59,33##,WOODLAWN,WARD 9
Property Flooding / Grading,Inspections,Phone,2017-08-02 13:10,36##,HUNTINGTON,WARD 9
Property Flooding / Grading,Inspections,Phone,2017-09-19 11:29,29##,MCROBBIE,WARD 7
Property Flooding / Grading,Inspections,Phone,2017-09-25 15:27,23##,CHANDLER,WARD 5
Property Flooding / Grading,Inspections,Phone,2017-09-26 15:24,23##,CHANDLER,WARD 5
Property Flooding / Grading,Inspections,Phone,2017-11-16 15:14,93##,ALTEN,WARD 7
Property Flooding / Grading,Inspections,Phone,2017-08-29 12:52,21##,DOMINION,WARD 10
Property Flooding / Grading,Inspections,Phone,2017-11-20 11:44,46##,JOY,WARD 9
Property Flooding / Grading,Inspections,Phone,2016-04-06 15:28,12##,ABBEY,WARD 6
Property Flooding / Grading,Inspections,Phone,2016-04-13 15:28,8##,VILLAIRE,WARD 6
Property Flooding / Grading,Inspections,Phone,2016-04-14 13:05,9##,VIRGINIA,WARD 6
Property Flooding / Grading,Inspections,Phone,2016-04-21 18:21,10##,PARKVIEW,WARD 6
Property Flooding / Grading,Inspections,Phone,2016-04-25 15:27,54##,TECUMSEH,WARD 8
Property Flooding / Grading,Inspections,Phone,2016-04-26 14:07,115##,RIVERSIDE,WARD 7
Property Flooding / Grading,Inspections,Phone,2017-12-12 8:47,4##,FAIRVIEW,WARD 6
Property Flooding / Grading,Inspections,E-Mail,2017-10-03 14:20,15##,HOWARD,WARD 4
Property Flooding / Grading,Inspections,Phone,2017-10-31 15:35,9##,DAWSON,WARD 6
Property Flooding / Grading,Inspections,Phone,2017-11-21 10:16,9##,FORD,WARD 6
Property Flooding / Grading,Inspections,Phone,2017-10-19 10:41,974##,ROCKWELL,WARD 10
Property Flooding / Grading,Inspections,Phone,2017-10-25 10:42,29##,BYNG,WARD 10
Property Flooding / Grading,Inspections,Phone,2017-09-06 13:13,2##,KENILWORTH,WARD 9
Property Flooding / Grading,Inspections,Phone,2017-11-06 9:47,63##,WYANDOTTE,WARD 6
Property Flooding / Grading,Inspections,Phone,2017-11-20 15:53,8##,BELLE ISLE VIEW,WARD 6
Property Flooding / Grading,Inspections,Phone,2017-11-27 13:10,16##,CADILLAC,WARD 5
Property Flooding / Grading,Inspections,Phone,2015-10-19 7:11,38##,PRAIRIE,WARD 1
Property Flooding / Grading,Inspections,Phone,2017-03-31 14:15,1##,RANKIN,WARD 2
Property Flooding / Grading,Inspections,Phone,2017-09-05 9:55,27##,RANDOLPH,WARD 10
Property Flooding / Grading,Inspections,Phone,2017-09-05 12:42,32##,DAYTONA,WARD 1
Property Flooding / Grading,Inspections,Phone,2017-11-07 8:52,45##,8TH CON,WARD 9
Property Flooding / Grading,Inspections,Phone,2017-12-04 11:36,39##,BORRELLI,WARD 1
Property Flooding / Grading,Inspections,Phone,2017-10-11 12:36,8##,ERIE,WARD 4
Property Flooding / Grading,Inspections,Phone,2017-11-23 10:02,39##,BORRELLI,WARD 1
Property Flooding / Grading,Inspections,Phone,2017-11-21 14:57,34##,CARIBOU,WARD 9
Property Flooding / Grading,Inspections,Phone,2017-11-22 12:09,32##,EVERTS,WARD 1
Property Flooding / Grading,Inspections,Phone,2017-12-04 12:16,38##,PRAIRIE,WARD 1
Property Flooding / Grading,Inspections,Phone,2017-10-13 14:10,58##,CORONATION,WARD 8
Property Flooding / Grading,Inspections,Phone,2017-12-22 13:37,11##,WHITTIER,WARD 1
Property Flooding / Grading,Inspections,Phone,2016-10-11 12:47,9##,DAWSON,WARD 6
Property Flooding / Grading,Inspections,Phone,2017-11-23 9:30,13##,ERIE,WARD 4
Property Flooding / Grading,Inspections,Phone,2017-12-29 12:00,10##,FELIX,WARD 2
Property Flooding / Grading,Inspections,Phone,2017-10-11 11:19,21##,WINDERMERE,WARD 4
Property Flooding / Grading,Inspections,Phone,2017-10-27 14:34,15##,BERNARD,WARD 5
Property Flooding / Grading,Inspections,Phone,2016-10-12 13:53,4##,VANDERBILT,WARD 7
Property Flooding / Grading,Inspections,Phone,2017-03-31 10:02,25##,NORMAN,WARD 8
Property Flooding / Grading,Inspections,Phone,8/2/2016 8:50,7##,VICTORIA,WARD 3
Property Flooding / Grading,Inspections,Phone,8/2/2016 10:43,10##,LAKE LAGUNA,WARD 1
Property Flooding / Grading,Inspections,Phone,8/3/2016 12:01,15##,ROSSINI,WARD 5
Property Flooding / Grading,Inspections,Phone,8/4/2016 15:15,39##,ST JULIEN,WARD 5
Property Flooding / Grading,Inspections,Phone,8/5/2016 13:13,5##,CHIPPAWA,WARD 2
Property Flooding / Grading,Inspections,Phone,8/9/2016 13:12,21##,DOUGALL,WARD 3
Property Flooding / Grading,Inspections,Phone,8/11/2016 14:06,2##,CALIFORNIA,WARD 2
Property Flooding / Grading,Inspections,Phone,8/15/2016 11:51,15##,TECUMSEH,WARD 10
Property Flooding / Grading,Inspections,Phone,8/16/2016 12:05,15##,VICTORIA,WARD 3
Property Flooding / Grading,Inspections,Phone,8/16/2016 12:37,15##,PARTINGTON,WARD 10
Property Flooding / Grading,Inspections,Phone,8/16/2016 14:09,1##,CABANA,WARD 9
Property Flooding / Grading,Inspections,Phone,8/16/2016 16:25,24##,WESTMINSTER,WARD 8
Property Flooding / Grading,Inspections,E-Mail,8/17/2016 10:21,11##,JOSEPHINE,WARD 2
Property Flooding / Grading,Inspections,Phone,8/22/2016 10:29,16##,WINDSOR,WARD 3
Property Flooding / Grading,Inspections,Phone,8/22/2016 11:04,17##,LONGFELLOW,WARD 10
Property Flooding / Grading,Inspections,Phone,8/24/2016 12:33,22##,GATWICK,WARD 7
Property Flooding / Grading,Inspections,Phone,8/24/2016 14:19,17##,LONGFELLOW,WARD 10
Property Flooding / Grading,Inspections,Phone,8/24/2016 14:24,41##,ROSELAND,WARD 1
Property Flooding / Grading,Inspections,Phone,8/25/2016 9:46,5##,JOHN HARVEY,WARD 9
Property Flooding / Grading,Inspections,Phone,8/25/2016 11:13,37##,SOUTHWINDS,WARD 1
Property Flooding / Grading,Inspections,Phone,8/25/2016 14:16,14##,BAYSWATER,WARD 6
Property Flooding / Grading,Inspections,Phone,8/25/2016 17:01,84##,MENARD,WARD 6
Property Flooding / Grading,Inspections,Phone,8/29/2016 8:51,12##,GRAND MARAIS,WARD 10
Property Flooding / Grading,Inspections,Phone,8/29/2016 9:59,39##,MARACAIBO,WARD 9
Property Flooding / Grading,Inspections,Phone,8/29/2016 10:34,84##,DARLINGTON,WARD 6
Property Flooding / Grading,Inspections,Phone,8/29/2016 14:34,22##,DUNESHILL,WARD 7
Property Flooding / Grading,Inspections,Phone,8/30/2016 15:47,5##,ELM,WARD 3
Property Flooding / Grading,Inspections,Phone,8/31/2016 10:33,4##,BERTHA,WARD 7
Property Flooding / Grading,Inspections,Phone,9/2/2016 13:08,14##,GEORGE,WARD 5
Property Flooding / Grading,Inspections,Phone,9/6/2016 7:22,31##,MANCHESTER,WARD 2
Property Flooding / Grading,Inspections,Phone,9/7/2016 10:59,12##,ISABELLE,WARD 6
Property Flooding / Grading,Inspections,Phone,9/8/2016 12:29,15##,PELISSIER,WARD 3
Property Flooding / Grading,Inspections,Phone,9/12/2016 10:14,9##,JARVIS,WARD 7
Property Flooding / Grading,Inspections,Phone,9/13/2016 14:15,118##,COBBLESTONE,WARD 7
Property Flooding / Grading,Inspections,Phone,9/13/2016 14:15,118##,COBBLESTONE,WARD 7
Property Flooding / Grading,Inspections,Phone,9/13/2016 14:17,118##,COBBLESTONE,WARD 7
Property Flooding / Grading,Inspections,Phone,9/13/2016 14:18,118##,COBBLESTONE,WARD 7
Property Flooding / Grading,Inspections,Phone,9/19/2016 11:26,14##,MARENTETTE,WARD 4
Property Flooding / Grading,Inspections,Phone,9/19/2016 18:03,7##,VICTORIA,WARD 3
Property Flooding / Grading,Inspections,Phone,9/20/2016 14:11,15##,NORMAN,WARD 8
Property Flooding / Grading,Inspections,Phone,9/21/2016 14:43,10##,LAPORTE,WARD 6
Property Flooding / Grading,Inspections,Phone,9/22/2016 13:42,17##,ST LUKE,WARD 5
Property Flooding / Grading,Inspections,Phone,9/27/2016 12:13,31##,BLISS,WARD 9
Property Flooding / Grading,Inspections,Phone,9/27/2016 16:25,31##,BLISS,WARD 9
Property Flooding / Grading,Inspections,Phone,9/28/2016 13:50,11##,BELLEPERCHE,WARD 6
Property Flooding / Grading,Inspections,Phone,9/29/2016 8:58,9##,EDWARD,WARD 6
Property Flooding / Grading,Inspections,Phone,9/29/2016 9:00,5##,RIVERDALE,WARD 6
Property Flooding / Grading,Inspections,Phone,9/29/2016 10:13,17##,GLENDALE,WARD 8
Property Flooding / Grading,Inspections,Phone,9/29/2016 10:59,38##,WYANDOTTE,WARD 5
Property Flooding / Grading,Inspections,Phone,9/29/2016 11:23,22##,FOREST,WARD 4
Property Flooding / Grading,Inspections,Phone,9/29/2016 13:02,63##,RIVERSIDE,WARD 6
Property Flooding / Grading,Inspections,Phone,9/29/2016 13:04,39##,RIBERDY,WARD 9
Property Flooding / Grading,Inspections,Phone,9/29/2016 14:07,107##,EASTCOURT,WARD 7
Property Flooding / Grading,Inspections,Phone,9/29/2016 14:21,9##,RIVERDALE,WARD 6
Property Flooding / Grading,Inspections,Phone,9/29/2016 17:36,4##,GREENDALE,WARD 6
Property Flooding / Grading,Inspections,Phone,9/30/2016 10:13,24##,CHANDLER,WARD 5
Property Flooding / Grading,Inspections,Phone,9/30/2016 13:36,63##,RIVERSIDE,WARD 6
Property Flooding / Grading,Inspections,Phone,9/30/2016 18:42,26##,TURNER,WARD 4
Property Flooding / Grading,Inspections,Phone,10/3/2016 9:21,8##,BELLE ISLE VIEW,WARD 6
Property Flooding / Grading,Inspections,Phone,10/3/2016 14:43,8##,MATTHEW BRADY,WARD 6
Property Flooding / Grading,Inspections,Phone,10/4/2016 16:03,19##,BALFOUR,WARD 8
Property Flooding / Grading,Inspections,Phone,10/5/2016 9:19,5##,DOUGALL,WARD 3
Property Flooding / Grading,Inspections,Phone,10/5/2016 9:39,38##,VAUGHAN,WARD 2
Property Flooding / Grading,Inspections,Phone,10/5/2016 14:09,40##,MANZANILLO,WARD 9
Property Flooding / Grading,Inspections,Phone,10/5/2016 17:26,10##,LAPORTE,WARD 6
Property Flooding / Grading,Inspections,Phone,10/6/2016 9:57,3##,FRANK,WARD 6
Property Flooding / Grading,Inspections,Phone,10/6/2016 13:21,11##,JARVIS,WARD 7
Property Flooding / Grading,Inspections,Phone,10/7/2016 9:30,16##,GREENVIEW,WARD 2
Property Flooding / Grading,Inspections,Phone,10/11/2016 8:24,39##,ZANZIBAR,WARD 9
Property Flooding / Grading,Inspections,Phone,10/11/2016 12:47,9##,DAWSON,WARD 6
Property Flooding / Grading,Inspections,Phone,10/11/2016 14:05,12##,AIRE,WARD 6
Property Flooding / Grading,Inspections,Phone,10/11/2016 15:36,10##,DROUILLARD,WARD 5
Property Flooding / Grading,Inspections,Phone,10/12/2016 13:53,4##,VANDERBILT,WARD 7
Property Flooding / Grading,Inspections,Phone,10/13/2016 11:45,11##,UNIVERSITY,WARD 4
Property Flooding / Grading,Inspections,Phone,10/14/2016 16:32,13##,FRANCOIS,WARD 5
Property Flooding / Grading,Inspections,Phone,10/17/2016 8:41,4##,LORI,WARD 6
Property Flooding / Grading,Inspections,Phone,10/17/2016 14:16,15##,ST CLAIR,WARD 10
Property Flooding / Grading,Inspections,Phone,10/18/2016 9:20,102##,EASTCOURT,WARD 7
Property Flooding / Grading,Inspections,Phone,10/18/2016 10:42,19##,JEFFERSON,WARD 8
Property Flooding / Grading,Inspections,Phone,10/18/2016 16:26,10##,LAPORTE,WARD 6
Property Flooding / Grading,Inspections,Phone,10/18/2016 16:27,10##,WATSON,WARD 6
Property Flooding / Grading,Inspections,Phone,10/18/2016 16:28,10##,WATSON,WARD 6
Property Flooding / Grading,Inspections,Phone,10/19/2016 16:08,11##,UNIVERSITY,WARD 4
Property Flooding / Grading,Inspections,Phone,10/20/2016 12:54,16##,CADILLAC,WARD 5
Property Flooding / Grading,Inspections,Phone,10/24/2016 9:13,984##,RANKIN,WARD 10
Property Flooding / Grading,Inspections,Phone,10/24/2016 17:21,3##,ST JOHN,WARD 6
Property Flooding / Grading,Inspections,Phone,10/26/2016 14:46,10##,HALL,WARD 4
Property Flooding / Grading,Inspections,Phone,10/31/2016 17:00,37##,HOWARD,WARD 9
Property Flooding / Grading,Inspections,Phone,11/2/2016 16:18,4##,PIERRE,WARD 4
Property Flooding / Grading,Inspections,Phone,11/3/2016 9:53,36##,TURNER,WARD 9
Property Flooding / Grading,Inspections,Phone,11/3/2016 11:28,18##,TOURANGEAU,WARD 5
Property Flooding / Grading,Inspections,Phone,11/3/2016 14:01,26##,BUCKINGHAM,WARD 8
Property Flooding / Grading,Inspections,Phone,11/7/2016 10:20,25##,KILDARE,WARD 4
Property Flooding / Grading,Inspections,Phone,11/7/2016 17:35,4##,MARTINIQUE,WARD 7
Property Flooding / Grading,Inspections,Phone,11/8/2016 9:20,19##,CLOVER,WARD 7
Property Flooding / Grading,Inspections,Phone,11/10/2016 8:22,11##,LANGLOIS,WARD 4
Property Flooding / Grading,Inspections,Phone,11/14/2016 14:06,34##,ST PATRICK'S,WARD 1
Property Flooding / Grading,Inspections,Phone,11/21/2016 8:39,43##,GOLDENWOOD,WARD 1
Property Flooding / Grading,Inspections,Phone,11/21/2016 15:18,29##,BRIMLEY,WARD 7
Property Flooding / Grading,Inspections,Phone,11/22/2016 10:33,23##,HALL,WARD 4
Property Flooding / Grading,Inspections,Phone,11/22/2016 19:21,16##,BEALS,WARD 1
Property Flooding / Grading,Inspections,Phone,11/25/2016 11:05,84##,DARLINGTON,WARD 6
Property Flooding / Grading,Inspections,Phone,11/30/2016 7:25,13##,OUELLETTE,WARD 3
Property Flooding / Grading,Inspections,Phone,11/30/2016 12:05,18##,MOY,WARD 4
Property Flooding / Grading,Inspections,Phone,12/9/2016 12:53,2##,CURRY,WARD 2
Property Flooding / Grading,Inspections,Phone,12/20/2016 8:42,4##,PARK,WARD 3
Property Flooding / Grading,Inspections,Phone,12/28/2016 8:59,4##,MATTHEW BRADY,WARD 6
Property Flooding / Grading,Inspections,Phone,12/28/2016 9:59,15##,AUBIN,WARD 5
Property Flooding / Grading,Inspections,Phone,12/30/2016 11:51,29##,MCROBBIE,WARD 7
